feature,mean
11_LEVEL_count,0.0116810175
session_number_,0.0083875945
tunic.historicalsociety.stacks_room_fqid_counts,0.0060437587
journals_bingo_indexCount,0.0039998908
navigate_click_undefined_event_name_counts,0.0031719212
worker_ET_q25_,0.003023493
word_the,0.0029279809
object_click_basic_event_name_counts,0.002815953
tunic.historicalsociety.frontdesk_room_fqid_counts,0.0027059782
11_ET_sum_,0.0025472501
person_click_basic_ET_q25_,0.0023841935
11_ET_sum_next_,0.002283862
map_click_undefined_event_name_counts,0.0021533144
word_q25_to,0.0020718372
map_hover_basic_ET_sum_,0.0020179553
reader_fqid_counts,0.0019649954
tunic.historicalsociety.frontdesk.archivist.newspaper_ET_q25_,0.0018385054
journals_ET_sum_,0.0018320739
reader_bingo_indexCount,0.0018261261
tunic.historicalsociety.stacks_ET_sum_,0.0017072114
word_q25_find,0.0016864738
word_mean_cleaner,0.0016196966
tunic.historicalsociety.closet_dirty.gramps.news_ET_q25_,0.0015772551
11_ET_std_next_,0.0015764978
observation_click_basic_ET_q75_,0.0015713633
word_to,0.0015670053
word_median_Wells,0.0015586899
word_q25_the,0.0015453144
word_q25_need,0.0015446218
tunic.drycleaner.frontdesk.worker.hub_ET_q25_,0.0015420585
tunic.humanecology.frontdesk.worker.intro_ET_q25_,0.0014966661
word_q25_and,0.0014696416
word_q25_it,0.0014382116
cutscene_click_basic_ET_q75_,0.0014358053
tunic.drycleaner.frontdesk_ET_q25_,0.0014337726
word_sum_cleaner,0.0014329639
person_click_basic_ET_median_,0.0014277762
word_std_next_cleaner,0.0014191051
toentry_ET_sum_,0.0013767738
archivist_ET_q75_,0.0013742609
word_q75_cleaner,0.0013268234
trigger_scarf_ET_std_,0.0013245167
tunic.humanecology.frontdesk.worker.intro_ET_median_,0.0013124269
word_median_cleaner,0.0013056898
object_click_basic_ET_sum_next_,0.0012763597
object_click_basic_ET_sum_,0.0012697304
reader.paper1.next_ET_std_next_,0.001264237
word_median_this,0.0012526126
tunic.historicalsociety.frontdesk.archivist.have_glass_ET_median_,0.001232674
gramps_ET_q25_,0.0012277672
tunic.library.frontdesk.worker.wells_ET_median_,0.0012260707
navigate_click_undefined_ET_sum_next_,0.0012142041
tunic.historicalsociety.frontdesk.archivist.have_glass_ET_q25_,0.001197404
word_q25_cleaner,0.0011742588
tunic.historicalsociety.closet_dirty.gramps.archivist_ET_std_,0.001150971
journals.pic_2.bingo_ET_std_next_,0.0011466132
person_click_basic_ET_q75_,0.0011459116
tunic.historicalsociety.closet_dirty.door_block_talk_ET_sum_next_,0.0011458426
word_median_is,0.0011391639
archivist_ET_median_,0.0011385991
tunic.historicalsociety.closet_dirty.trigger_coffee_ET_sum_,0.0011352955
notification_click_basic_ET_std_next_,0.001120568
archivist_fqid_counts,0.0011188411
word_std_this,0.0011146986
archivist_ET_q25_,0.0011129291
observation_click_basic_ET_mean_,0.0011070876
word_q75_that,0.0010980449
word_q75_Wells,0.0010938519
observation_click_basic_ET_median_,0.001092146
tunic.historicalsociety.closet_dirty.gramps.news_ET_median_,0.0010852786
5_ET_sum_,0.0010796475
tunic.library.frontdesk.worker.wells_ET_std_next_,0.0010704654
tunic.historicalsociety.frontdesk.magnify_ET_q75_,0.0010681653
tunic.drycleaner.frontdesk.worker.done_ET_std_,0.0010641932
tunic.historicalsociety.frontdesk.archivist.need_glass_0_ET_q25_,0.0010529405
navigate_click_undefined_ET_sum_,0.001042849
tunic.historicalsociety.frontdesk.archivist.newspaper_ET_median_,0.00103658
word_median_the,0.0010333846
word_std_Gramps,0.0010329515
tunic.historicalsociety.entry_ET_sum_,0.0010244665
object_hover_undefined_ET_sum_next_,0.001022213
word_q75_and,0.0010217989
tocloset_dirty_ET_std_next_,0.0010203805
tocollection_ET_q75_,0.0010197907
tunic.historicalsociety.closet_dirty.trigger_scarf_ET_mean_,0.0010156953
word_median_help,0.0010141046
word_q75_Theodora Youmans,0.0010140293
word_q25_you,0.0010075568
word_std_that,0.0010073707
tunic.historicalsociety.frontdesk.magnify_ET_sum_,0.0010005794
9_LEVEL_count,0.0009986341
word_q25_Theodora Youmans,0.0009909394
word_std_you,0.0009883373
word_std_help,0.0009872653
tunic.drycleaner.frontdesk.worker.hub_ET_median_,0.0009828982
tunic.library.frontdesk.worker.wells_ET_q25_,0.0009712899
tunic.historicalsociety.frontdesk.archivist.have_glass_ET_mean_,0.00096393493
word_std_next_suffragist,0.0009628599
tunic.capitol_1_ET_mean_next_,0.0009567448
tunic.library.frontdesk.worker.wells_ET_mean_,0.00094457075
observation_click_basic_ET_sum_,0.0009423786
word_q75_it,0.0009419204
tunic.capitol_0.hall.boss.talktogramps_ET_q25_,0.0009418586
tunic.historicalsociety.frontdesk_ET_q75_,0.0009357471
6_ET_sum_,0.0009334198
tunic.drycleaner.frontdesk.worker.hub_ET_mean_,0.0009224373
tunic.library.frontdesk.worker.wells_ET_sum_,0.00092185603
tocollection_ET_q25_next_,0.0009216818
logbook_ET_sum_next_,0.0009197558
word_q75_this,0.0009170709
navigate_click_undefined_ET_q75_,0.0009163654
tunic.historicalsociety.closet_dirty.trigger_coffee_ET_median_,0.0009160952
tunic.historicalsociety.stacks_ET_sum_next_,0.00091432384
tunic.historicalsociety.closet_dirty.gramps.helpclean_ET_std_,0.00091396057
tunic.library.frontdesk.worker.wells_ET_q75_,0.0009131288
observation_click_basic_ET_std_,0.0009112513
word_mean_Wells,0.0009108286
journals.pic_0.next_ET_sum_,0.0009084863
tunic.historicalsociety.closet_dirty.gramps.archivist_ET_median_next_,0.0009064534
logbook_fqid_counts,0.0009052934
tunic.historicalsociety.closet_dirty.trigger_scarf_ET_std_,0.0009042182
tunic.library.frontdesk.worker.wells_recap_ET_sum_,0.0009021287
word_sum_found,0.00090033666
tunic.humanecology.frontdesk.worker.intro_ET_mean_,0.0009002602
word_std_to,0.0008990484
journals.pic_1.next_ET_std_,0.00089805806
tunic.kohlcenter_ET_std_,0.0008975666
notebook_click_close_ET_sum_next_,0.00089677
tunic.historicalsociety.frontdesk.archivist.have_glass_ET_q75_,0.0008908869
tunic.humanecology_ET_std_,0.00088752434
tunic.library.frontdesk.worker.hello_ET_median_,0.00088606396
journals.pic_1.next_ET_sum_,0.00088573305
chap2_finale_c_ET_mean_,0.0008850986
what_happened_ET_sum_,0.00088443345
word_median_Theodora Youmans,0.0008841724
tunic.historicalsociety.closet_dirty.trigger_coffee_ET_q25_,0.0008805818
tunic.historicalsociety.closet_dirty.trigger_coffee_ET_mean_,0.0008805665
block_0_ET_std_next_,0.00088050106
tunic.historicalsociety.collection_ET_q75_next_,0.00087936455
5_ET_std_next_,0.00087724265
map_click_undefined_ET_sum_,0.00087677874
tunic.historicalsociety.closet_dirty.gramps.helpclean_ET_std_next_,0.00087404216
tocollection_ET_median_next_,0.00087244256
door_block_talk_ET_mean_next_,0.0008638362
tunic.historicalsociety.closet_dirty.photo_ET_q25_,0.0008637591
door_block_talk_ET_std_,0.0008634229
tunic.historicalsociety.frontdesk.archivist.need_glass_0_ET_mean_next_,0.0008616381
tunic.historicalsociety.closet_dirty.trigger_scarf_ET_q25_,0.0008595052
word_mean_Theodora Youmans,0.0008586528
worker_ET_median_,0.0008583791
tunic.historicalsociety.closet_dirty.photo_ET_mean_,0.0008563357
journals.pic_1.next_ET_std_next_,0.0008554855
11_ET_q75_,0.0008553042
elapsed_time_diff_q75_,0.0008545771
cutscene_click_basic_ET_q25_,0.0008538756
word_std_next_found,0.0008515249
journals_fqid_counts,0.00084702973
reader_ET_sum_,0.000845749
tostacks_ET_sum_,0.0008430075
12_ET_sum_,0.0008422439
tunic.historicalsociety.closet_dirty.gramps.archivist_ET_sum_next_,0.0008415607
tunic.library.microfiche_ET_std_next_,0.000840147
magnify_ET_std_next_,0.0008398706
6_ET_q75_,0.0008397462
tunic.historicalsociety.closet_dirty.photo_ET_sum_,0.0008393236
word_q75_found,0.00083769765
tunic.historicalsociety.frontdesk.magnify_ET_mean_,0.0008374412
reader.paper1.next_fqid_counts,0.000836929
tunic.historicalsociety.frontdesk.archivist.need_glass_0_ET_q75_next_,0.0008345293
tunic.historicalsociety.basement_ET_mean_next_,0.0008343995
businesscards.card_1.next_fqid_counts,0.00083313993
door_block_talk_ET_std_next_,0.0008328101
5_LEVEL_count,0.00083273236
tostacks_fqid_counts,0.0008279987
chap2_finale_c_ET_median_,0.0008267422
7_ET_sum_next_,0.0008266529
chap2_finale_c_ET_std_next_,0.00082649343
trigger_coffee_ET_std_next_,0.00082628126
tunic.library.frontdesk.worker.wells_ET_std_,0.0008255724
word_q25_suffragist,0.00082503166
tunic.historicalsociety.closet_dirty.photo_ET_median_,0.000824493
tunic.historicalsociety.closet_dirty.trigger_scarf_ET_q75_,0.00082000287
tunic.historicalsociety.closet_dirty.gramps.news_ET_mean_,0.0008192919
tunic.historicalsociety_ET_sum_,0.00081926957
reader.paper2.next_ET_sum_,0.0008180943
what_happened_ET_median_,0.0008172981
tunic.historicalsociety.frontdesk_ET_std_,0.0008163807
tunic.humanecology.frontdesk.worker.intro_ET_sum_,0.00081402814
tunic.kohlcenter_fqid_counts,0.00081352337
word_std_need,0.00081307476
trigger_scarf_ET_median_,0.0008126673
10_ET_mean_,0.0008126627
room_coor_x_std_,0.0008121673
tunic.historicalsociety.collection_ET_q25_next_,0.000811231
word_std_and,0.0008110591
gramps_fqid_counts,0.00080990104
logbook_ET_sum_,0.0008087265
7_ET_sum_,0.00080813037
tunic.capitol_0.hall_ET_mean_,0.00080747885
9_ET_median_,0.00080523983
tunic.historicalsociety.closet_dirty.gramps.news_ET_sum_,0.0008046953
door_block_talk_ET_sum_next_,0.0008030531
cutscene_click_basic_ET_sum_,0.0008008991
notebook_click_open_ET_sum_next_,0.00079984864
reader.paper1.next_ET_mean_,0.00079970586
tunic.historicalsociety.frontdesk.archivist.need_glass_0_ET_sum_,0.00079934497
object_click_close_ET_q25_,0.00079933763
tocollection_ET_q75_next_,0.0007991865
tunic.historicalsociety.frontdesk.magnify_ET_q25_,0.0007989602
word_mean_you,0.0007989509
tunic.historicalsociety.closet_dirty.gramps.helpclean_ET_sum_,0.00079813815
tunic.historicalsociety.frontdesk.archivist.newspaper_recap_ET_mean_next_,0.0007969675
12_LEVEL_count,0.0007947804
tunic.drycleaner.frontdesk_ET_mean_,0.00079437473
tunic.drycleaner.frontdesk_room_fqid_counts,0.00079391454
word_median_you,0.00079124875
reader.paper1.next_ET_median_,0.0007908004
observation_click_basic_ET_q75_next_,0.00078743155
tunic.humanecology_ET_sum_next_,0.0007865412
cutscene_click_basic_event_name_counts,0.00078476657
word_mean_found,0.000782116
notebook_click_close_ET_mean_next_,0.0007818306
tocollection_ET_mean_next_,0.00078166
tunic.kohlcenter.halloffame_ET_std_next_,0.0007814361
door_block_talk_ET_sum_,0.00078125024
word_median_find,0.00078092446
tunic.humanecology_ET_sum_,0.0007798477
tunic.historicalsociety.closet_dirty.door_block_talk_ET_sum_,0.0007786833
tunic.historicalsociety.closet_dirty.photo_ET_q75_,0.0007762389
magnify_ET_q75_,0.0007759802
tunic.historicalsociety.closet_dirty.what_happened_ET_std_next_,0.0007755892
tunic.library.frontdesk.worker.hello_ET_q25_,0.000775316
tunic.historicalsociety.frontdesk.archivist.need_glass_0_ET_q75_,0.00077508594
tunic.drycleaner.frontdesk.worker.done_ET_q75_,0.0007744369
notebook_click_prev_ET_median_,0.00077022426
word_median_and,0.0007701623
tunic.historicalsociety.closet_dirty.door_block_talk_ET_q75_,0.0007683905
toentry_ET_std_,0.00076810067
tunic.humanecology_ET_std_next_,0.00076735776
tofrontdesk_fqid_counts,0.0007665081
trigger_scarf_ET_q25_,0.0007639125
word_median_suffragist,0.00076332025
word_q75_find,0.0007629252
photo_ET_sum_,0.0007625793
tunic.library.frontdesk_ET_std_next_,0.00076177926
worker_ET_std_,0.0007617551
navigate_click_undefined_ET_std_,0.0007598713
word_median_1916,0.00075948343
tunic.historicalsociety.closet_dirty.trigger_scarf_ET_sum_,0.00075919076
word_mean_1916,0.0007583896
notebook_click_basic_ET_q75_,0.0007564593
tostacks_ET_median_next_,0.0007550197
map_click_basic_ET_sum_,0.000754221
trigger_coffee_ET_q75_,0.00075387297
tunic.capitol_0.hall_ET_std_next_,0.0007538404
tunic.capitol_0.hall_ET_sum_,0.000753616
12_ET_std_next_,0.00075361045
5_ET_mean_,0.0007533643
tunic.capitol_1.hall.boss.haveyougotit_ET_sum_,0.00075300597
gramps_ET_median_,0.0007520736
tunic.humanecology.frontdesk.block_0_ET_sum_next_,0.00075121474
businesscards.card_bingo.bingo_ET_sum_next_,0.00075117976
trigger_coffee_ET_sum_,0.00075024884
10_ET_q75_,0.00075024436
gramps_ET_std_next_,0.000749872
tunic.historicalsociety.frontdesk.archivist.have_glass_ET_sum_,0.00074964954
navigate_click_undefined_ET_mean_,0.00074951793
checkpoint_basic_ET_q25_,0.0007479675
tunic.capitol_0.hall_ET_std_,0.000747165
room_coor_x_mean_,0.0007443858
gramps_ET_sum_next_,0.0007437785
tunic.kohlcenter_ET_q75_,0.00074348494
9_ET_sum_,0.0007427529
12_ET_sum_next_,0.00074093416
notification_click_basic_ET_q25_,0.0007407473
hover_duration_q75_,0.0007405434
object_hover_undefined_ET_std_,0.00074050017
reader.paper1.prev_ET_sum_,0.0007398551
tunic.historicalsociety.closet_dirty.gramps.helpclean_ET_sum_next_,0.0007392944
tunic.historicalsociety.frontdesk.archivist.newspaper_ET_mean_,0.0007392696
worker_fqid_counts,0.0007389146
word_sum_next_that,0.000737909
tunic.library.frontdesk.worker.wells_recap_ET_q75_,0.00073736615
word_q25_that,0.0007360567
object_click_close_ET_median_,0.00073555426
tunic.drycleaner.frontdesk.worker.hub_ET_sum_next_,0.0007355222
word_sum_Wells,0.000735433
journals.pic_1.next_ET_sum_next_,0.00073519093
tunic.historicalsociety.frontdesk_ET_sum_,0.0007351318
journals_ET_std_next_,0.0007349302
tunic.historicalsociety.frontdesk.magnify_ET_median_,0.0007348644
tunic.historicalsociety.stacks_ET_q75_,0.00073474296
tunic.historicalsociety.stacks.block_ET_sum_,0.00073457835
chap2_finale_c_ET_q75_,0.0007344007
object_hover_undefined_ET_sum_,0.0007329635
word_q25_is,0.00073180866
tunic.humanecology.frontdesk.worker.intro_ET_std_,0.0007317086
reader.paper1.next_ET_std_,0.000730186
reader.paper2.prev_ET_q75_,0.00073015026
tunic.capitol_0.hall.boss.talktogramps_ET_mean_,0.00072973716
tunic.kohlcenter_ET_mean_,0.00072849076
word_sum_Jo,0.0007275662
photo_ET_std_,0.0007272424
tunic.historicalsociety.closet_dirty.door_block_talk_ET_median_next_,0.00072710466
tunic.library.microfiche_room_fqid_counts,0.00072582107
map_click_undefined_ET_q25_,0.0007248253
tunic.historicalsociety.closet_dirty.trigger_scarf_ET_std_next_,0.0007242286
word_median_to,0.0007239531
tomicrofiche_ET_std_next_,0.0007235695
photo_ET_q75_,0.00072331843
reader.paper1.prev_ET_mean_next_,0.00072320236
map_click_basic_ET_sum_next_,0.000722426
journals.hub.topics_ET_sum_next_,0.0007215239
word_q75_is,0.0007212026
reader.paper0.next_ET_std_next_,0.00072072673
checkpoint_basic_ET_mean_,0.0007200528
chap2_finale_c_ET_q25_,0.0007197922
screen_coor_x_std_,0.00071930164
word_sum_1916,0.0007190832
tunic.kohlcenter_ET_std_next_,0.00071846065
screen_coor_y_median_,0.00071811373
tunic.library.frontdesk.worker.wells_recap_ET_std_next_,0.00071757816
tunic.historicalsociety.closet_dirty_ET_std_,0.00071711326
tunic.historicalsociety.basement_ET_sum_,0.0007167046
word_sum_this,0.0007161992
elapsed_time_diff_std_,0.00071606576
tunic.library_ET_std_next_,0.00071587873
block_ET_mean_,0.0007156386
notebook_click_basic_ET_std_,0.0007137576
tunic.historicalsociety.closet_dirty.trigger_coffee_ET_q75_,0.0007131335
reader.paper2.bingo_ET_sum_next_,0.0007130506
checkpoint_basic_ET_median_,0.00071293133
notebook_click_basic_ET_median_next_,0.00071266905
reader.paper2.next_ET_median_,0.0007126516
tunic.historicalsociety.frontdesk.archivist.need_glass_0_ET_mean_,0.00071234175
map_click_basic_ET_q25_,0.00071225694
tunic.historicalsociety.entry_room_fqid_counts,0.00071189494
tunic.historicalsociety.closet_dirty.gramps.helpclean_ET_q25_,0.0007118042
word_sum_help,0.00071179314
businesscards.card_bingo.next_ET_q75_,0.0007115786
reader.paper2.next_ET_q75_,0.0007115074
tunic.historicalsociety.closet_dirty.door_block_talk_ET_q25_next_,0.000710337
tocloset_dirty_ET_sum_,0.000710319
tunic.humanecology.frontdesk_ET_mean_,0.0007097092
tunic.humanecology.frontdesk.worker.intro_ET_q75_,0.0007086181
tunic.historicalsociety.closet_dirty.trigger_scarf_ET_median_,0.0007084332
9_ET_std_,0.00070820015
object_hover_basic_ET_mean_next_,0.0007075447
gramps_ET_mean_,0.00070734334
tunic.historicalsociety.stacks.journals.pic_2.bingo_ET_std_next_,0.0007070856
businesscards.card_1.next_ET_std_,0.00070691976
tunic.historicalsociety.stacks.block_ET_q75_,0.00070602895
logbook.page.bingo_ET_std_,0.0007048066
reader.paper1.next_ET_q25_,0.0007047489
tunic.capitol_1.hall_ET_mean_,0.0007043315
tunic.drycleaner_ET_sum_,0.0007038838
tunic.kohlcenter_ET_median_,0.0007037779
elapsed_time_diff_mean_,0.00070362893
word_std_next_it,0.00070245366
tunic.drycleaner.frontdesk.worker.hub_ET_sum_,0.00070229435
tunic.historicalsociety.stacks.journals.pic_2.bingo_ET_q25_,0.00070184073
word_std_Jo,0.00070162624
tunic.capitol_0.hall_ET_q75_,0.0007009783
8_ET_q25_,0.00070068764
tocloset_dirty_ET_mean_next_,0.00069998356
reader.paper2.prev_ET_sum_,0.0006991915
10_ET_sum_next_,0.0006986052
11_ET_median_,0.0006984088
trigger_coffee_ET_std_,0.0006981198
word_q25_1916,0.0006976956
tunic.historicalsociety.closet_dirty.what_happened_ET_q75_,0.0006972189
boss_ET_std_next_,0.0006963168
7_ET_mean_,0.0006937848
tunic.historicalsociety.frontdesk.archivist.have_glass_ET_std_next_,0.0006932746
word_mean_suffragist,0.00069308095
7_ET_std_,0.0006926102
reader.paper2.next_ET_mean_,0.00069219334
notebook_click_prev_ET_q25_,0.00069162576
tunic.drycleaner.frontdesk.worker.done_ET_median_,0.0006915646
word_sum_Gramps,0.00069142896
word_q25_Wells,0.00069111056
tunic.historicalsociety.stacks.journals.pic_2.bingo_ET_sum_,0.0006908314
notebook_click_open_ET_q75_next_,0.00069021457
tunic.capitol_1_ET_q25_next_,0.00068971264
checkpoint_basic_ET_q75_,0.00068964064
room_coor_y_median_,0.00068958703
tunic.historicalsociety.closet_dirty_ET_sum_next_,0.00068889564
tunic.drycleaner.frontdesk.worker.hub_ET_q75_,0.00068876566
map_click_close_ET_q75_,0.0006885883
object_hover_basic_ET_median_next_,0.0006882022
tunic.kohlcenter_ET_mean_next_,0.00068806787
tocollection_ET_mean_,0.00068776385
notebook_click_prev_ET_sum_,0.0006877514
word_mean_Gramps,0.00068747194
word_q25_Ooh,0.0006867191
map_click_basic_ET_median_next_,0.0006866955
tunic.capitol_1.hall.boss.haveyougotit_ET_median_,0.00068619207
reader.paper2.next_ET_std_next_,0.00068600825
person_click_basic_event_name_counts,0.0006858993
journals.pic_2.next_ET_std_,0.0006858716
journals.pic_2.next_ET_sum_next_,0.00068586005
tunic.historicalsociety.closet_dirty_ET_std_next_,0.0006854038
chap2_finale_c_ET_sum_,0.0006850113
tunic.capitol_1.hall_ET_q25_,0.0006839316
cutscene_click_basic_ET_q75_next_,0.00068385294
logbook_ET_std_next_,0.00068353955
word_q75_help,0.0006822128
notebook_click_basic_ET_sum_,0.0006813846
tunic.library.microfiche_ET_std_,0.0006807035
checkpoint_basic_ET_sum_,0.0006801442
tunic.historicalsociety.entry_ET_std_,0.0006793718
journals.pic_0.next_ET_std_,0.00067893445
journals.hub.topics_ET_q75_,0.0006787566
tunic.historicalsociety.stacks.journals.pic_2.bingo_ET_median_,0.00067837513
tunic.historicalsociety.frontdesk.archivist.have_glass_ET_std_,0.0006780178
word_q25_Jo,0.0006778757
tunic.historicalsociety.frontdesk_ET_std_next_,0.00067783153
block_magnify_ET_mean_,0.00067714014
tunic.historicalsociety.basement_ET_std_next_,0.0006762675
map_click_basic_ET_q75_,0.0006759764
tunic.humanecology.frontdesk_ET_sum_,0.00067472365
trigger_coffee_ET_median_,0.000674465
map_click_basic_ET_mean_next_,0.00067366933
door_block_clean_ET_median_,0.0006733475
reader_ET_sum_next_,0.00067309046
tunic.historicalsociety.frontdesk.archivist.have_glass_recap_ET_q75_,0.0006730415
6_ET_median_,0.0006726066
reader.paper1.next_ET_sum_next_,0.000672263
notebook_click_close_ET_median_next_,0.0006719972
7_ET_std_next_,0.0006714181
word_std_next_slip,0.00067140796
tomap_ET_std_next_,0.0006713719
logbook.page.bingo_ET_median_,0.0006713247
tunic.historicalsociety.frontdesk.archivist.hello_ET_sum_,0.0006712243
word_sum_next_found,0.0006711154
notebook_click_close_ET_sum_,0.0006709016
reader.paper2.prev_ET_median_,0.00067087053
tunic.historicalsociety.stacks.block_ET_mean_,0.0006708095
wellsbadge_ET_sum_,0.0006707653
word_q25_found,0.00067041465
tunic.humanecology.frontdesk_ET_sum_next_,0.0006700514
tunic.historicalsociety.frontdesk.archivist.hello_ET_q25_,0.0006694242
tunic.drycleaner_ET_q75_next_,0.00066925044
object_hover_basic_ET_std_,0.00066907395
notebook_click_basic_ET_sum_next_,0.00066893024
word_help,0.00066814525
tunic.historicalsociety.entry_ET_q75_next_,0.0006680217
tunic.historicalsociety.frontdesk.archivist.foundtheodora_text_fqid_counts,0.00066799234
object_click_close_ET_q75_,0.00066753477
tunic.humanecology.frontdesk_ET_std_,0.00066696695
notification_click_basic_ET_sum_,0.0006657224
word_median_Gramps,0.000665542
minute,0.00066521094
word_mean_help,0.0006651685
page_q75_,0.0006648356
tunic.drycleaner.frontdesk.worker.hub_ET_std_next_,0.00066477235
object_click_basic_ET_std_next_,0.0006638572
text_fqid_unique_,0.00066341745
tunic.historicalsociety.entry_ET_sum_next_,0.00066330325
logbook.page.bingo_ET_sum_,0.0006631872
trigger_scarf_ET_q75_,0.0006623844
word_sum_next_Jo,0.00066156697
map_hover_basic_ET_q75_,0.0006614213
tunic.historicalsociety.closet_dirty.door_block_talk_ET_q75_next_,0.0006613974
map_hover_basic_ET_q25_,0.0006609958
businesscards_ET_std_,0.00066037005
tunic.historicalsociety.frontdesk.archivist.hello_ET_median_,0.00066034513
tunic.kohlcenter_ET_q75_next_,0.00066016614
journals.hub.topics_fqid_counts,0.0006595582
cutscene_click_basic_ET_std_,0.00065953843
tunic.historicalsociety.frontdesk.archivist.need_glass_0_ET_sum_next_,0.0006594838
tunic.drycleaner_ET_mean_,0.0006590996
screen_coor_y_std_,0.0006590083
tofrontdesk_ET_median_,0.00065848546
tunic.historicalsociety.closet_dirty.trigger_coffee_ET_std_,0.00065847475
journals.pic_1.next_ET_mean_,0.0006584668
tomap_ET_mean_,0.0006581705
trigger_scarf_ET_mean_,0.0006576667
reader.paper2.bingo_ET_q25_,0.000657183
businesscards.card_0.next_ET_q25_,0.0006566007
tunic.historicalsociety.stacks.journals.pic_2.bingo_ET_q75_,0.0006564965
what_happened_ET_q25_,0.0006564403
object_hover_undefined_ET_mean_,0.00065582735
photo_ET_std_next_,0.00065571256
11_ET_std_,0.00065504113
block_magnify_ET_q75_,0.0006550187
tobasement_ET_q75_,0.000654987
boss_ET_q75_,0.000654878
tunic.library_ET_q25_,0.0006543021
businesscards.card_bingo.next_ET_median_,0.00065366627
word_sum_is,0.0006532707
word_std_next_Jo,0.0006531107
tunic.library.microfiche_ET_mean_,0.0006528001
journals.pic_1.next_fqid_counts,0.00065278367
tunic.kohlcenter_ET_median_next_,0.0006524812
hover_duration_std_,0.00065191614
tunic.library.frontdesk.worker.hello_ET_q75_,0.00065160164
tunic.capitol_1.hall.boss.haveyougotit_ET_q25_,0.0006512444
room_coor_x_q25_,0.0006512347
toentry_ET_sum_next_,0.0006509555
tunic.historicalsociety_ET_median_next_,0.00065088616
janitor_ET_q25_,0.00065084785
notification_click_basic_ET_mean_,0.0006506866
toentry_ET_median_next_,0.0006502673
tocollection_ET_median_,0.00064971356
word_sum_cleaning,0.0006488108
block_magnify_ET_std_next_,0.00064870936
tunic.library.frontdesk.worker.hello_ET_sum_next_,0.0006486765
reader_ET_std_next_,0.00064802234
journals.pic_0.next_ET_sum_next_,0.0006476322
map_hover_basic_ET_mean_,0.0006473141
businesscards.card_bingo.next_ET_q25_next_,0.00064721104
tunic.historicalsociety.frontdesk.archivist.hello_ET_q75_,0.00064655364
6_LEVEL_count,0.0006464436
tunic.historicalsociety.closet_dirty.door_block_talk_ET_std_,0.000646204
tocloset_dirty_ET_sum_next_,0.0006459014
map_hover_basic_ET_std_,0.0006455341
screen_coor_y_q75_,0.0006452222
tunic.historicalsociety_ET_q25_,0.0006448337
tunic.library.frontdesk_ET_std_,0.0006445892
tunic.capitol_1.hall_ET_std_next_,0.0006445174
cutscene_click_basic_ET_mean_,0.0006443487
tunic.historicalsociety.frontdesk.archivist.newspaper_ET_sum_,0.00064421166
what_happened_ET_std_next_,0.00064397353
logbook.page.bingo_ET_sum_next_,0.00064342323
what_happened_ET_q75_,0.00064314663
8_ET_std_next_,0.0006423956
tunic.historicalsociety_ET_q75_,0.00064153364
tunic.historicalsociety.frontdesk.archivist.newspaper_ET_std_next_,0.0006410447
object_hover_undefined_ET_q75_next_,0.00064090727
journals.hub.topics_ET_std_next_,0.0006399252
tunic.historicalsociety_ET_median_,0.00063952804
tomap_ET_std_,0.00063927274
boss_ET_q75_next_,0.00063924195
businesscards.card_bingo.next_ET_sum_,0.00063912285
journals.pic_2.next_ET_mean_next_,0.00063872564
reader.paper2.bingo_ET_q75_,0.0006387214
tunic.drycleaner.frontdesk.logbook.page.bingo_ET_median_,0.00063868123
tunic.humanecology.frontdesk.worker.badger_ET_sum_next_,0.00063806045
map_click_basic_ET_std_next_,0.0006377753
tobasement_ET_median_,0.0006377032
tunic.capitol_0_ET_q25_next_,0.00063726964
room_coor_y_q75_,0.00063687644
6_ET_std_,0.000636197
tostacks_ET_mean_,0.00063619233
hover_duration_mean_,0.0006346129
reader.paper0.next_ET_std_,0.0006342906
notebook_click_open_ET_median_next_,0.00063424936
reader.paper0.next_ET_q75_,0.00063413626
word_std_is,0.0006339919
hover_duration_q25_,0.00063398527
trigger_coffee_ET_mean_,0.0006339751
businesscards.card_1.next_ET_sum_,0.0006336405
8_ET_sum_,0.0006333485
room_coor_y_mean_,0.00063334504
logbook.page.bingo_ET_mean_,0.00063319947
map_click_close_ET_q25_,0.0006326679
journals.pic_0.next_ET_q75_,0.000632425
door_block_talk_ET_q75_next_,0.0006318658
word_q25_can,0.00063127285
tunic.historicalsociety.closet_dirty.door_block_talk_ET_std_next_,0.00063126965
map_click_close_ET_q75_next_,0.00063115556
businesscards.card_bingo.next_ET_sum_next_,0.0006306542
tunic.capitol_1_ET_sum_next_,0.0006306324
journals.pic_2.bingo_ET_sum_,0.0006302205
tohallway_ET_mean_,0.000630055
map_hover_basic_ET_q25_next_,0.0006298017
second,0.00062972924
tostacks_ET_q25_next_,0.0006296447
map_hover_basic_ET_mean_next_,0.0006291614
businesscards_ET_std_next_,0.00062889647
tunic.historicalsociety.closet_dirty.gramps.archivist_ET_std_next_,0.0006287708
tunic.library.frontdesk_ET_sum_,0.00062870147
tunic.historicalsociety.collection_ET_mean_next_,0.0006286946
tunic.drycleaner_ET_median_,0.00062855013
11_ET_q25_,0.0006285328
tunic.capitol_0.hall.boss.talktogramps_ET_median_,0.00062837393
cutscene_click_basic_ET_sum_next_,0.000627929
tocollection_ET_sum_next_,0.0006270645
tunic.historicalsociety.frontdesk.archivist.need_glass_0_ET_q25_next_,0.00062677654
5_ET_std_,0.0006263217
tomap_ET_median_next_,0.00062588626
word_q75_the,0.00062577997
journals.pic_0.next_ET_mean_,0.0006255558
word_std_Wells,0.00062555145
word_sum_next_Wells,0.00062540674
reader.paper2.bingo_ET_sum_,0.00062515325
tomap_ET_q75_,0.00062487175
object_hover_basic_ET_q75_next_,0.0006240431
businesscards.card_0.next_ET_mean_,0.0006237972
tunic.library_ET_median_,0.00062376406
journals_ET_sum_next_,0.0006227991
businesscards.card_1.next_ET_std_next_,0.00062273326
object_click_close_ET_std_next_,0.0006227079
word_q75_slip,0.0006224832
door_block_talk_ET_q75_,0.00062223966
tunic.historicalsociety.frontdesk.archivist.newspaper_recap_ET_q25_next_,0.00062211766
tunic.library.frontdesk_room_fqid_counts,0.0006216991
tunic.library.microfiche.reader.paper2.bingo_ET_q25_,0.00062151195
screen_coor_x_median_,0.0006208111
notebook_click_close_ET_mean_,0.00062017975
map_click_close_ET_median_,0.00062017416
tunic.library.microfiche.reader.paper2.bingo_ET_sum_,0.00062005204
photo_ET_q25_,0.0006197363
tunic.library.frontdesk.wellsbadge.hub_ET_q75_,0.00061949034
tomap_ET_sum_,0.00061932695
tunic.library_ET_sum_,0.00061925873
12_ET_mean_,0.0006188941
businesscards_ET_sum_,0.0006181332
tunic.humanecology.frontdesk.worker.badger_ET_mean_,0.0006179792
reader.paper0.next_ET_median_,0.0006178413
object_hover_undefined_ET_q75_,0.0006171698
tunic.capitol_0_ET_sum_,0.00061678287
word_q25_next_Jo,0.00061609084
tunic.library.frontdesk.worker.wells_recap_ET_median_,0.000616078
block_ET_median_,0.0006159768
tunic.historicalsociety.entry_ET_q25_,0.00061587564
map_click_basic_ET_q25_next_,0.000615613
word_mean_cleaning,0.00061554514
10_ET_std_next_,0.0006147364
magnify_ET_q25_,0.00061427604
businesscards.card_0.next_ET_q75_,0.0006139883
tobasement_ET_sum_,0.00061384856
tunic.historicalsociety.entry_ET_median_next_,0.0006132141
tunic.kohlcenter_ET_sum_,0.00061307126
tohallway_ET_std_next_,0.0006127227
word_q75_can,0.00061252184
journals.pic_2.next_ET_sum_,0.00061238464
room_coor_y_q25_,0.0006123397
logbook.page.bingo_ET_q75_,0.00061219634
7_ET_q25_,0.0006120058
tunic.historicalsociety.stacks_ET_std_,0.00061192876
tunic.historicalsociety.closet_dirty.what_happened_ET_q25_,0.0006116378
object_hover_basic_ET_std_next_,0.00061127543
tunic.drycleaner.frontdesk.logbook.page.bingo_ET_mean_,0.0006110659
word_q25_Gramps,0.00061071315
map_hover_basic_ET_std_next_,0.00061049504
tunic.historicalsociety.stacks_ET_median_,0.00061029044
tobasement_ET_mean_,0.0006101865
door_block_talk_ET_median_,0.0006098793
word_sum_need,0.0006098427
magnify_ET_std_,0.000609644
map_click_basic_ET_median_,0.0006094318
navigate_click_undefined_ET_median_next_,0.0006094083
tunic.historicalsociety.closet_dirty.gramps.helpclean_ET_q75_,0.0006091869
block_0_ET_q75_next_,0.0006087726
day,0.00060835585
tunic.capitol_0.hall.boss.talktogramps_ET_q75_next_,0.00060797896
reader.paper2.prev_ET_sum_next_,0.00060785026
businesscards.card_0.next_ET_std_next_,0.00060783024
reader.paper2.prev_ET_std_,0.0006075994
tunic.historicalsociety.stacks_ET_q25_,0.0006075262
reader_bingo_duration,0.0006074143
object_click_basic_ET_mean_,0.0006068629
reader.paper1.prev_ET_sum_next_,0.00060675584
reader.paper1.next_ET_q75_,0.0006063606
word_median_can,0.00060626364
word_sum_and,0.0006061675
tunic.drycleaner_ET_std_,0.0006061397
screen_coor_x_q75_,0.00060559745
word_q25_help,0.00060520676
tunic.kohlcenter_ET_q25_next_,0.00060517574
tunic.historicalsociety.closet_dirty.gramps.helpclean_ET_q25_next_,0.0006049565
tunic.capitol_0_ET_median_next_,0.00060484343
tunic.humanecology_ET_mean_,0.00060481124
8_ET_std_,0.00060423906
businesscards_ET_q75_,0.00060419575
word_mean_that,0.000603528
reader.paper2.bingo_ET_std_next_,0.00060337596
object_click_basic_ET_std_,0.00060290383
tunic.historicalsociety.basement.janitor_ET_q25_,0.0006026803
tocloset_dirty_ET_q75_,0.000601915
observation_click_basic_ET_sum_next_,0.00060166296
door_block_talk_ET_mean_,0.0006016254
tunic.library.microfiche_ET_median_,0.00060112664
map_click_close_ET_mean_,0.0006009661
businesscards.card_1.next_ET_q25_,0.00060091494
observation_click_basic_ET_std_next_,0.00060039153
map_hover_basic_ET_sum_next_,0.00060033915
tunic.drycleaner.frontdesk_ET_std_next_,0.0006002598
elapsed_time_diff_median_,0.0006000507
7_ET_median_,0.00059975905
tunic.capitol_0_ET_median_,0.0005995352
journals.pic_2.bingo_ET_median_,0.0005994716
tunic.historicalsociety.closet_dirty.gramps.news_ET_std_,0.0005991677
tunic.humanecology_ET_median_,0.0005989808
journals.pic_2.next_ET_q75_,0.00059865316
map_hover_basic_ET_median_,0.0005985769
tunic.historicalsociety_ET_mean_,0.0005982193
10_LEVEL_count,0.0005982184
tomicrofiche_ET_sum_next_,0.00059819885
object_click_basic_ET_q25_,0.0005974079
screen_coor_y_mean_,0.00059726636
tocollection_ET_std_,0.0005972661
notebook_click_prev_ET_mean_,0.0005961991
tunic.library_ET_q75_,0.0005960296
object_hover_basic_ET_q75_,0.0005957234
tunic.capitol_1.hall.boss.haveyougotit_ET_std_next_,0.0005955497
tunic.drycleaner.frontdesk_ET_std_,0.00059544004
tunic.historicalsociety.frontdesk.archivist.newspaper_recap_ET_median_next_,0.00059531437
gramps_ET_sum_,0.0005951448
word_sum_that,0.00059465587
11_ET_mean_,0.0005944494
map_click_undefined_ET_std_,0.0005944196
logbook_ET_std_,0.00059361104
tunic.humanecology.frontdesk_ET_q75_,0.00059354625
tunic.drycleaner.frontdesk.worker.hub_ET_std_,0.0005933414
journals.pic_2.next_ET_std_next_,0.00059331657
tohallway_ET_std_,0.0005933072
notebook_click_basic_ET_mean_,0.00059317145
10_ET_sum_,0.0005929239
tunic.historicalsociety.frontdesk.archivist.newspaper_ET_std_,0.00059260643
page_mean_,0.0005925127
reader.paper1.prev_ET_median_next_,0.000592276
notification_click_basic_ET_q75_,0.0005920301
tohallway_ET_q25_,0.00059173326
reader.paper2.next_ET_median_next_,0.00059132546
reader.paper2.bingo_ET_mean_,0.00059097185
map_click_close_ET_sum_,0.00059037353
journals.pic_2.bingo_ET_q75_,0.0005901564
tunic.drycleaner_ET_q75_,0.0005900267
toentry_fqid_counts,0.00058970036
tunic.historicalsociety.closet_dirty_ET_q25_,0.0005896746
object_click_close_ET_mean_,0.00058956223
tunic.historicalsociety.frontdesk.archivist.have_glass_recap_ET_std_,0.0005893031
tunic.humanecology.frontdesk_ET_std_next_,0.0005892477
journals_ET_q75_,0.00058816356
notebook_click_close_ET_q75_,0.00058812054
word_std_cleaner,0.0005878916
navigate_click_undefined_ET_q25_,0.00058744056
10_ET_median_,0.0005872584
archivist_ET_std_,0.0005871963
reader.paper2.prev_ET_mean_next_,0.00058718654
toentry_ET_q25_,0.0005863124
tobasement_ET_q25_,0.0005861483
tofrontdesk_ET_mean_,0.000585699
5_ET_q75_,0.00058533275
notebook_click_close_ET_q25_,0.00058531895
tunic.historicalsociety.frontdesk.archivist.need_glass_0_ET_median_,0.00058528135
tunic.capitol_0.hall.boss.talktogramps_ET_sum_,0.00058465626
journals.pic_2.bingo_fqid_counts,0.0005843661
tunic.drycleaner.frontdesk.worker.done_ET_std_next_,0.00058414397
journals_ET_q25_,0.00058413896
tunic.library.frontdesk_ET_sum_next_,0.0005839719
businesscards.card_0.next_ET_sum_,0.00058353355
tobasement_ET_median_next_,0.00058338355
map_click_undefined_ET_sum_next_,0.0005827843
tunic.library.microfiche_ET_sum_,0.00058268575
tunic.historicalsociety.frontdesk.archivist.hello_ET_mean_,0.000582466
journals.pic_0.next_ET_median_,0.0005822901
tunic.library.microfiche.reader.paper2.bingo_ET_q75_,0.0005822388
word_q25_slip,0.0005820254
tofrontdesk_ET_std_next_,0.00058183033
8_ET_sum_next_,0.0005816758
janitor_ET_std_next_,0.00058158376
notification_click_basic_ET_std_,0.00058149244
tunic.capitol_1.hall_ET_sum_,0.00058128097
tunic.historicalsociety.closet_dirty.photo_ET_median_next_,0.00058126147
tunic.capitol_0.hall_ET_median_next_,0.00058107474
notebook_click_close_ET_median_,0.00058087043
reader.paper2.next_ET_q25_,0.00058056845
8_ET_q75_,0.0005805557
tobasement_ET_sum_next_,0.000580174
tunic.library.frontdesk.worker.hello_ET_mean_,0.0005801431
word_median_it,0.0005800875
screen_coor_x_mean_,0.000578914
word_q75_1916,0.00057887385
tomicrofiche_ET_q75_,0.00057877746
wellsbadge_ET_std_,0.00057868625
journals.pic_2.next_ET_median_,0.0005785684
9_ET_mean_,0.0005785624
5_ET_median_,0.00057806115
word_mean_Oh,0.0005777164
room_coor_y_std_,0.00057747227
tunic.drycleaner.frontdesk.worker.done_ET_sum_,0.00057722826
journals.pic_1.next_ET_q25_,0.0005771007
tunic.library.microfiche_ET_q75_,0.00057705067
notebook_click_close_ET_q75_next_,0.00057703693
word_mean_need,0.00057690067
journals.pic_1.next_ET_q75_,0.0005768109
businesscards.card_bingo.bingo_ET_q75_,0.000576162
tobasement_ET_q25_next_,0.0005760538
boss_ET_std_,0.00057568913
word_median_cleaning,0.0005750511
object_hover_undefined_ET_std_next_,0.00057503744
boss_ET_q25_,0.00057489076
notebook_click_open_ET_sum_,0.00057473977
tunic.capitol_0_ET_sum_next_,0.0005747093
tunic.capitol_0_ET_std_,0.0005742984
object_hover_basic_ET_sum_next_,0.00057426956
word_std_1916,0.00057416974
tunic.historicalsociety_ET_std_,0.0005739951
businesscards.card_1.next_ET_sum_next_,0.00057386386
tunic.historicalsociety.closet_dirty_room_fqid_counts,0.00057365093
tunic.drycleaner.frontdesk.logbook.page.bingo_ET_q25_,0.000573414
reader.paper0.prev_ET_sum_next_,0.0005733957
reader.paper2.bingo_ET_median_,0.00057335943
tunic.drycleaner.frontdesk.logbook.page.bingo_ET_sum_,0.0005730216
block_0_ET_sum_next_,0.00057296496
reader.paper0.next_ET_mean_,0.0005726235
tunic.humanecology_ET_q75_,0.00057197514
word_q75_suffragist,0.0005718203
tunic.historicalsociety.stacks.journals.pic_2.bingo_ET_mean_,0.00057154335
tunic.historicalsociety.frontdesk.archivist.hello_ET_std_next_,0.00057146244
tunic.historicalsociety.closet_dirty_ET_mean_,0.00057142106
tomicrofiche_ET_sum_,0.0005707388
tunic.historicalsociety.closet_dirty.trigger_coffee_ET_std_next_,0.0005706978
tostacks_ET_q75_,0.00057056814
tunic.capitol_1_ET_std_,0.00057056214
businesscards.card_bingo.next_ET_q25_,0.0005696428
businesscards.card_0.next_ET_median_,0.0005680402
word_sum_to,0.00056793704
tocollection_ET_sum_,0.00056790886
word_median_slip,0.0005677249
businesscards.card_bingo.bingo_ET_std_,0.00056750176
room_coor_x_median_,0.0005672288
tunic.library.frontdesk_ET_mean_,0.0005671013
wellsbadge_ET_q25_,0.0005668245
journals_ET_std_,0.0005667899
worker_ET_sum_,0.0005666737
9_ET_q25_,0.0005666661
reader.paper0.prev_ET_q75_,0.0005654625
tunic.humanecology.frontdesk.worker.badger_ET_mean_next_,0.0005651561
boss_ET_mean_,0.00056503364
tunic.capitol_1.hall_ET_median_,0.0005649484
hover_duration_median_,0.0005647968
trigger_coffee_ET_q25_,0.00056463876
businesscards.card_bingo.bingo_ET_std_next_,0.0005644752
journals.hub.topics_ET_median_,0.0005642195
boss_ET_q25_next_,0.0005641405
businesscards.card_bingo.next_ET_std_next_,0.0005640511
tunic.historicalsociety.closet_dirty.gramps.nothing_ET_q25_,0.0005639406
word_q75_Gramps,0.00056356966
tunic.historicalsociety.frontdesk.archivist.have_glass_recap_ET_std_next_,0.00056352146
tunic.capitol_1_ET_median_,0.0005634725
tunic.capitol_1.hall_ET_sum_next_,0.000563013
businesscards.card_0.next_ET_std_,0.00056238146
tunic.historicalsociety.frontdesk.archivist.have_glass_recap_ET_sum_,0.00056154607
journals_ET_mean_,0.00056149845
tunic.historicalsociety.basement_ET_q25_,0.0005614804
10_ET_q25_,0.0005614422
notebook_click_basic_ET_q25_,0.0005611917
word_mean_and,0.00056071894
word_q75_need,0.00056024804
businesscards_ET_mean_,0.0005596986
tunic.capitol_0_ET_mean_next_,0.0005586243
tunic.capitol_1_ET_q75_,0.00055860984
page_std_,0.0005584574
tunic.drycleaner.frontdesk.logbook.page.bingo_ET_q75_,0.0005579781
object_click_close_ET_sum_,0.0005578379
word_q25_this,0.00055779057
businesscards.card_bingo.next_ET_std_,0.00055741786
toentry_ET_mean_,0.0005573484
tunic.library.microfiche.reader.paper2.bingo_ET_mean_,0.00055725477
tunic.drycleaner.frontdesk_ET_sum_next_,0.00055691454
word_sum_next_cleaning,0.0005567696
tunic.historicalsociety.stacks.journals.pic_2.bingo_ET_std_,0.0005566757
tunic.library.frontdesk_ET_q25_,0.00055570394
reader.paper2.prev_ET_mean_,0.0005555566
block_magnify_ET_std_,0.00055525283
word_can,0.0005551485
tunic.historicalsociety.collection_ET_std_,0.0005551264
reader.paper2.bingo_ET_std_,0.0005550008
tohallway_ET_q75_,0.0005549685
journals.pic_2.next_ET_mean_,0.0005547466
tofrontdesk_ET_sum_,0.000554644
notebook_click_basic_ET_median_,0.0005545335
word_std_Oh,0.0005544494
word_sum_the,0.0005543952
map_click_basic_ET_q75_next_,0.00055426714
7_ET_q75_,0.0005542217
word_sum_next_Oh,0.00055390544
map_click_basic_ET_mean_,0.0005538874
tunic.drycleaner_ET_std_next_,0.00055369886
9_ET_sum_next_,0.0005534517
door_block_talk_ET_q25_,0.0005534115
tohallway_ET_median_,0.000553309
tunic.library.frontdesk.worker.hello_ET_sum_,0.00055311
reader.paper1.next_ET_sum_,0.0005528043
word_std_can,0.00055270514
hour,0.00055263133
reader.paper1.prev_ET_q25_,0.00055242574
tunic_ET_q75_,0.0005520282
word_median_next_that,0.00055163103
reader.paper0.next_fqid_counts,0.00055125146
word_mean_Jo,0.0005511756
word_std_next_Theodora Youmans,0.00055097387
notebook_click_open_ET_q75_,0.0005503388
navigate_click_undefined_ET_median_,0.0005498033
tunic.capitol_0.hall_ET_sum_next_,0.0005492186
word_std_slip,0.0005491729
word_q25_Oh,0.0005491482
toentry_ET_median_,0.00054911873
reader.paper0.next_ET_sum_next_,0.0005489713
word_sum_suffragist,0.000548751
tunic.historicalsociety.closet_dirty.door_block_talk_ET_median_,0.00054835604
word_std_Theodora Youmans,0.00054828054
block_ET_q25_,0.00054823427
tunic.humanecology.frontdesk.worker.badger_ET_median_next_,0.0005482064
object_click_close_ET_std_,0.00054774806
businesscards.card_0.next_ET_sum_next_,0.00054754637
chap2_finale_c_fqid_counts,0.00054753525
tunic.humanecology.frontdesk_ET_q25_,0.0005474994
tunic.historicalsociety.basement_ET_q75_,0.00054690044
word_std_it,0.00054663245
room_coor_x_q75_,0.0005461377
object_hover_basic_ET_q25_next_,0.0005461248
reader_ET_std_,0.0005458402
reader.paper2.prev_ET_q25_,0.00054540334
notebook_click_basic_ET_mean_next_,0.0005453487
tocloset_dirty_ET_q25_,0.00054486527
word_mean_slip,0.00054460776
journals.hub.topics_ET_mean_,0.00054394425
tunic.capitol_1.hall.boss.haveyougotit_ET_q25_next_,0.00054388697
tunic.library_ET_q75_next_,0.00054340187
tunic.historicalsociety.entry_ET_q75_,0.0005431465
tunic.library.microfiche_ET_q25_,0.00054231443
tunic.historicalsociety.basement_ET_sum_next_,0.0005423061
tunic.library.microfiche.reader.paper2.bingo_ET_std_,0.0005418199
tunic.drycleaner_ET_q25_,0.0005417213
tobasement_ET_q75_next_,0.0005416245
tunic.historicalsociety_ET_q25_next_,0.00054119277
tunic.historicalsociety.frontdesk.archivist.have_glass_recap_ET_mean_,0.00054056325
reader.paper2.prev_ET_q25_next_,0.0005402384
reader.paper2.next_ET_mean_next_,0.0005400623
tunic.drycleaner.frontdesk.logbook.page.bingo_ET_std_,0.00053956994
word_sum_Ooh,0.0005395225
tostacks_ET_std_,0.0005395215
word_is,0.00053915265
tunic.historicalsociety.basement_ET_mean_,0.00053875195
tunic.library.frontdesk.worker.hello_ET_std_,0.00053797296
toentry_ET_q75_,0.00053775305
tunic.capitol_1_ET_mean_,0.00053766
reader.paper0.prev_ET_std_next_,0.00053737825
block_0_ET_q25_,0.0005372571
word_q75_cleaning,0.0005372471
tunic.humanecology.frontdesk.worker.badger_ET_median_,0.0005372251
tunic.humanecology.frontdesk_room_fqid_counts,0.00053677236
businesscards_fqid_counts,0.0005361968
wellsbadge_ET_q75_,0.0005358117
tunic.capitol_1.hall_ET_std_,0.00053516985
5_ET_q25_,0.0005347244
map_click_undefined_ET_q75_,0.00053445826
object_click_basic_ET_median_,0.0005342724
businesscards.card_1.next_ET_q75_,0.00053396524
tunic.capitol_1.hall_ET_q75_,0.0005339083
tunic.humanecology.frontdesk.worker.badger_ET_std_next_,0.00053372624
businesscards.card_bingo.bingo_ET_q25_,0.0005337227
tocloset_dirty_ET_std_,0.0005321787
map_hover_basic_ET_q75_next_,0.0005318711
tunic.historicalsociety.basement_ET_median_,0.00053173344
journals.pic_2.bingo_ET_mean_,0.0005315374
word_mean_Ooh,0.0005312414
tunic.humanecology_ET_q25_,0.00053117616
word_mean_can,0.0005306762
tunic.historicalsociety.closet_dirty.gramps.news_ET_q75_,0.0005303221
wellsbadge_ET_median_,0.00053022173
tunic.library.frontdesk.wellsbadge.hub_ET_sum_,0.00053015613
tunic.humanecology.frontdesk.worker.intro_ET_std_next_,0.0005301098
reader_ET_mean_,0.0005296717
journals.hub.topics_ET_q25_,0.0005293857
word_sum_Oh,0.00052932004
businesscards.card_bingo.next_ET_mean_next_,0.0005291548
boss_ET_sum_,0.00052913575
tostacks_ET_median_,0.0005288209
tunic.historicalsociety.closet_dirty.gramps.news_ET_std_next_,0.0005287927
word_q75_Oh,0.0005286016
reader.paper2.next_ET_std_,0.000528355
journals.pic_2.bingo_ET_std_,0.0005283341
door_block_talk_ET_median_next_,0.00052825635
notification_click_basic_ET_median_,0.00052801013
tunic.historicalsociety.closet_dirty.door_block_talk_ET_mean_,0.0005275543
tocloset_dirty_ET_mean_,0.0005270495
notebook_click_open_ET_mean_next_,0.00052680913
janitor_ET_q75_,0.0005267108
word_median_Jo,0.0005266499
tunic.historicalsociety.frontdesk.archivist.have_glass_recap_ET_median_,0.0005261168
tunic.capitol_0_ET_q25_,0.00052523793
door_block_clean_ET_mean_,0.0005249224
tunic.historicalsociety.collection_ET_mean_,0.0005247498
tunic.historicalsociety.frontdesk_ET_q25_,0.0005240529
tunic.capitol_1_ET_sum_,0.0005236442
reader.paper0.next_ET_sum_,0.0005234366
door_block_clean_ET_std_next_,0.0005231715
trigger_scarf_ET_std_next_,0.00052288955
tunic.kohlcenter_ET_sum_next_,0.00052271516
reader.paper0.prev_ET_q25_,0.0005225476
magnify_ET_mean_,0.0005223712
tunic.library.frontdesk.worker.wells_recap_ET_mean_,0.0005221613
gramps_ET_std_,0.00052197126
word_median_Oh,0.0005218152
10_ET_std_,0.00052173407
tunic.humanecology.frontdesk.worker.badger_ET_q75_,0.0005199672
tofrontdesk_ET_std_,0.0005194253
archivist_ET_sum_,0.00051900593
reader_ET_q25_,0.00051898643
word_std_next_the,0.00051851216
tunic.historicalsociety.closet_dirty.what_happened_ET_std_,0.00051791425
person_click_basic_ET_std_,0.00051778427
businesscards_ET_q25_,0.000517737
word_q75_next_Jo,0.0005176728
logbook.page.bingo_fqid_counts,0.0005174444
map_click_undefined_ET_mean_,0.00051708386
object_hover_basic_ET_sum_,0.00051686424
word_std_next_1916,0.0005163232
word_std_next_this,0.0005157367
word_std_the,0.00051557
tunic.historicalsociety.entry_ET_mean_next_,0.00051546213
tunic.historicalsociety.frontdesk.archivist.newspaper_recap_ET_mean_,0.00051520026
object_hover_undefined_ET_q25_,0.00051514944
logbook_ET_q25_,0.00051483995
tunic.historicalsociety.closet_dirty_ET_q75_,0.0005140625
tomap_ET_q25_,0.0005140379
word_std_find,0.000513362
tunic.historicalsociety.stacks.journals.pic_2.bingo_ET_sum_next_,0.00051300245
object_hover_undefined_ET_median_next_,0.00051285746
tunic.historicalsociety.frontdesk.archivist.have_glass_recap_ET_q25_,0.0005115858
tunic.historicalsociety.frontdesk.archivist.newspaper_recap_ET_q25_,0.00051136996
tostacks_ET_q25_,0.00051135983
tunic.historicalsociety.basement.janitor_ET_q75_,0.00051083456
notebook_click_close_ET_std_next_,0.0005104781
tofrontdesk_ET_q75_,0.0005104636
tunic.drycleaner.frontdesk_ET_sum_,0.0005104582
tunic.historicalsociety.basement_ET_median_next_,0.0005103641
businesscards.card_1.next_ET_mean_,0.0005102508
businesscards_ET_sum_next_,0.0005102459
tohallway_ET_sum_next_,0.00051023974
boss_ET_median_,0.0005100558
tunic.library.microfiche.reader.paper2.bingo_ET_std_next_,0.0005100307
tunic.drycleaner.frontdesk.logbook.page.bingo_ET_std_next_,0.00050971657
tunic.library.frontdesk.wellsbadge.hub_ET_mean_,0.0005092724
wellsbadge_ET_sum_next_,0.00050901924
word_std_next_find,0.0005088474
janitor_ET_mean_,0.0005085533
journals.pic_2.next_ET_q25_,0.00050816144
chap2_finale_c_ET_sum_next_,0.0005081122
tunic.historicalsociety.entry_ET_q25_next_,0.00050799665
tostacks_ET_sum_next_,0.000507529
journals_bingo_duration,0.00050752645
journals.hub.topics_ET_std_,0.0005074284
magnify_ET_sum_,0.00050677
photo_ET_median_,0.00050610874
notebook_click_close_ET_std_,0.00050551887
object_hover_basic_ET_mean_,0.0005050633
8_LEVEL_count,0.00050466607
word_q75_Jo,0.0005045818
map_hover_basic_ET_median_next_,0.0005043031
object_click_basic_ET_q75_,0.00050429744
map_click_basic_ET_std_,0.0005042616
tunic.humanecology.frontdesk_ET_median_,0.0005042065
tunic.humanecology_ET_q75_next_,0.0005033341
journals.pic_2.next_ET_median_next_,0.0005032897
reader.paper1.prev_ET_q25_next_,0.00050301926
word_sum_can,0.00050292275
tunic.library.frontdesk.worker.wells_recap_ET_q25_,0.0005029109
tunic.capitol_0.hall_room_fqid_counts,0.0005027396
block_magnify_ET_q75_next_,0.00050259795
notebook_click_open_ET_std_,0.0005022484
door_block_talk_ET_q25_next_,0.00050187524
tunic.capitol_0_ET_std_next_,0.00050107494
photo_ET_median_next_,0.0005009625
wellsbadge_ET_mean_,0.00050085544
tunic.historicalsociety.frontdesk.archivist.newspaper_recap_ET_q75_next_,0.00050046784
tomap_ET_mean_next_,0.0005002957
tunic.historicalsociety.basement_room_fqid_counts,0.0004996119
wellsbadge_ET_std_next_,0.00049909647
tunic.historicalsociety.closet_dirty.gramps.archivist_ET_q75_,0.0004987791
cutscene_click_basic_ET_std_next_,0.0004981506
reader.paper0.prev_ET_sum_,0.00049800833
tunic.capitol_1_ET_q25_,0.0004978825
logbook.page.bingo_ET_std_next_,0.0004974712
word_mean_to,0.00049735734
tunic.library.frontdesk_ET_q75_,0.0004973278
journals.pic_2.bingo_ET_q25_,0.00049693824
tunic.historicalsociety.closet_dirty.what_happened_ET_mean_,0.00049688556
tunic.historicalsociety.collection_ET_q25_,0.0004965467
tohallway_ET_q75_next_,0.00049639004
tunic.historicalsociety.closet_dirty.gramps.helpclean_ET_q75_next_,0.000496251
word_Gramps,0.00049598335
5_ET_sum_next_,0.00049595017
notebook_click_open_ET_q25_next_,0.0004959198
notebook_click_basic_ET_std_next_,0.00049581187
tunic.historicalsociety.closet_dirty.gramps.helpclean_ET_median_,0.0004957895
object_hover_undefined_ET_median_,0.00049577246
boss_ET_mean_next_,0.0004956098
tunic.historicalsociety.stacks_ET_mean_,0.0004953324
tunic.historicalsociety.closet_dirty.gramps.helpclean_ET_median_next_,0.00049528264
tunic.capitol_0_ET_mean_,0.00049493276
tomicrofiche_ET_median_,0.00049490994
logbook_ET_q75_,0.00049490423
tomicrofiche_ET_mean_,0.0004947475
businesscards.card_bingo.next_ET_q75_next_,0.0004946773
reader.paper0.next_ET_q25_,0.0004946087
notebook_click_open_ET_mean_,0.0004943826
9_ET_q75_,0.0004942443
tunic.historicalsociety_fqid_counts,0.00049405807
page_median_,0.0004939291
12_ET_q75_,0.000492942
tunic.library.microfiche_ET_sum_next_,0.0004927664
businesscards.card_1.next_ET_median_,0.00049259735
tocloset_dirty_ET_q75_next_,0.0004924398
tunic.historicalsociety.closet_dirty.what_happened_ET_median_,0.00049230375
trigger_scarf_ET_sum_,0.000492065
tomap_ET_median_,0.00049198704
tunic.drycleaner.frontdesk_ET_median_,0.0004918504
tunic.historicalsociety.frontdesk.archivist.hello_ET_std_,0.00049174397
tunic.historicalsociety.frontdesk.archivist.newspaper_recap_ET_sum_next_,0.0004915114
tunic.historicalsociety_ET_std_next_,0.0004911212
tunic.historicalsociety.collection_ET_sum_next_,0.0004906223
tunic.historicalsociety.collection_ET_median_next_,0.0004905754
tunic.library.frontdesk.wellsbadge.hub_ET_median_,0.00049023016
tunic.historicalsociety.closet_dirty_ET_median_,0.0004893273
observation_click_basic_ET_q25_next_,0.00048931915
map_click_close_ET_q25_next_,0.000488944
notebook_click_open_ET_std_next_,0.00048889354
boss_ET_median_next_,0.0004887852
word_median_Ooh,0.0004887695
elapsed_time_diff_q25_,0.00048815296
businesscards.card_bingo.bingo_ET_sum_,0.00048661933
tunic.capitol_0.hall.boss.talktogramps_ET_sum_next_,0.00048634017
tunic.kohlcenter_ET_q25_,0.00048618953
tunic.historicalsociety.collection_ET_median_,0.00048584756
tunic.historicalsociety.closet_dirty.door_block_talk_ET_q25_,0.0004853547
tunic.historicalsociety.closet_dirty.gramps.archivist_ET_mean_,0.000485354
word_median_next_found,0.00048530358
photo_ET_sum_next_,0.0004846343
tunic.humanecology.frontdesk.worker.badger_ET_q25_,0.00048427354
logbook.page.bingo_ET_q25_,0.0004837546
tunic.historicalsociety_ET_sum_next_,0.0004825853
chap2_finale_c_ET_std_,0.00048235664
tunic.historicalsociety.frontdesk.archivist.newspaper_ET_q75_,0.0004819347
reader.paper0.prev_ET_q75_next_,0.00048138472
tunic.historicalsociety.closet_dirty.gramps.archivist_ET_sum_,0.00048133553
tunic.hub.slip_ET_q75_,0.0004812213
tunic.humanecology.frontdesk.worker.badger_ET_std_,0.00048106175
tunic.drycleaner.frontdesk.worker.done_ET_q25_,0.00048080002
journals.pic_1.next_ET_median_,0.00048073093
magnify_ET_median_,0.00048071225
12_ET_q25_,0.00048023596
tocollection_ET_q25_,0.00048015133
tunic.capitol_0.hall_ET_median_,0.00047997903
tunic.historicalsociety.frontdesk.archivist.have_glass_recap_ET_q25_next_,0.0004795247
tunic.library.microfiche.reader.paper2.bingo_ET_median_,0.00047658413
tunic.library.frontdesk.worker.wells_recap_ET_std_,0.00047653733
tunic.historicalsociety.entry_ET_mean_,0.00047651536
tomap_ET_sum_next_,0.00047538703
tunic.library_ET_mean_,0.00047526267
notebook_click_close_ET_q25_next_,0.0004749529
notebook_click_open_ET_q25_,0.00047488793
tomicrofiche_ET_q25_,0.00047481182
object_hover_basic_ET_q25_,0.00047445888
tunic.library.frontdesk.wellsbadge.hub_ET_q25_,0.00047445
12_ET_median_,0.00047427934
tunic.capitol_0.hall.boss.talktogramps_ET_std_,0.000473999
photo_ET_mean_,0.00047382936
12_ET_std_,0.00047345698
logbook_ET_median_,0.0004734079
tunic.capitol_1.hall.boss.haveyougotit_ET_std_,0.00047337977
word_mean_the,0.00047320157
janitor_ET_sum_,0.0004729723
toentry_ET_q25_next_,0.00047248285
word_std_next_can,0.00047224373
tunic.historicalsociety.basement.janitor_ET_mean_,0.00047195647
businesscards.card_bingo.next_ET_mean_,0.0004717716
word_mean_find,0.0004714822
reader.paper2.prev_ET_q75_next_,0.0004713047
tunic.humanecology_fqid_counts,0.00047128438
journals.hub.topics_ET_sum_,0.00047072777
object_hover_undefined_event_name_counts,0.0004703116
tunic.historicalsociety.closet_dirty.what_happened_ET_sum_,0.0004696808
tunic.capitol_0_ET_q75_,0.00046798386
tobasement_ET_std_,0.00046792626
tunic.capitol_0_ET_q75_next_,0.00046791125
journals.pic_0.next_ET_std_next_,0.00046736086
tunic.humanecology.frontdesk.worker.badger_ET_sum_,0.00046697492
tunic.humanecology.frontdesk.businesscards.card_bingo.bingo_ET_q25_,0.00046585387
journals.pic_2.bingo_ET_sum_next_,0.00046581175
tofrontdesk_ET_q25_next_,0.00046564842
tobasement_ET_std_next_,0.00046538957
journals_ET_median_,0.00046513553
businesscards.card_bingo.next_ET_median_next_,0.00046463945
worker_ET_std_next_,0.00046438831
7_LEVEL_count,0.0004632242
tunic.library_ET_std_,0.00046285044
journals.pic_2.next_ET_q25_next_,0.000461885
businesscards.card_bingo.bingo_ET_median_,0.00046174077
tunic.capitol_1_ET_std_next_,0.00046027804
word_sum_next_it,0.00046020944
tunic.drycleaner.frontdesk.worker.done_ET_mean_,0.00046000193
object_hover_basic_ET_median_,0.0004599239
word_median_found,0.00045888085
tunic.historicalsociety.frontdesk.archivist.have_glass_recap_ET_sum_next_,0.0004574802
tunic.capitol_1.hall.boss.haveyougotit_ET_q75_,0.00045719912
word_find,0.00045670022
tohallway_fqid_counts,0.0004536956
notebook_click_open_ET_median_,0.00045336768
reader.paper2.bingo_fqid_counts,0.00045226864
tunic.hub.slip_ET_median_,0.00045125096
reader.paper0.prev_ET_std_,0.00045095783
tunic.historicalsociety.frontdesk.block_magnify_ET_sum_next_,0.00045028084
reader.paper2.next_ET_q25_next_,0.00045026306
word_mean_this,0.00044805795
notebook_click_close_event_name_counts,0.0004477119
word_and,0.00044740154
block_ET_std_next_,0.00044739293
journals.pic_2.next_ET_q75_next_,0.0004468966
tunic.humanecology.frontdesk.businesscards.card_bingo.bingo_ET_mean_,0.00044634024
word_q25_cleaning,0.0004449832
tunic.historicalsociety.basement_ET_std_,0.0004445717
tobasement_ET_mean_next_,0.00044429878
tunic.humanecology.frontdesk.block_0_ET_mean_next_,0.00044370317
businesscards.card_bingo.bingo_ET_mean_,0.00044330183
reader_ET_median_,0.00044306248
tunic.drycleaner_ET_sum_next_,0.0004429806
tunic.humanecology.frontdesk.block_0_ET_q75_,0.000442226
tunic.historicalsociety.collection_ET_sum_,0.0004420936
tohallway_ET_sum_,0.00044206
tunic.historicalsociety.basement.janitor_ET_median_next_,0.0004420147
photo_ET_q75_next_,0.0004417702
tunic.historicalsociety.stacks.block_ET_q25_,0.0004414168
tunic.historicalsociety.frontdesk.archivist.need_glass_0_ET_median_next_,0.00044126273
8_ET_mean_,0.00044095228
observation_click_basic_ET_q25_,0.00044036788
tunic.humanecology.frontdesk.worker.badger_ET_q75_next_,0.00044009255
tunic.humanecology.frontdesk.block_0_ET_mean_,0.00043997267
logbook_ET_mean_,0.00043954203
navigate_click_undefined_ET_q75_next_,0.00043944153
word_sum_slip,0.00043898847
tunic.historicalsociety.entry_ET_median_,0.00043868978
reader.paper0.prev_ET_mean_,0.00043835945
tunic.historicalsociety.frontdesk.block_magnify_ET_mean_,0.00043793235
block_magnify_ET_median_,0.00043749047
tunic.capitol_0_fqid_counts,0.00043721191
word_sum_it,0.00043711142
businesscards_ET_median_,0.00043630728
cutscene_click_basic_ET_median_,0.00043545727
logbook_bingo_indexCount,0.00043407062
journals.pic_0.next_ET_q25_,0.0004340495
word_std_next_Gramps,0.00043387042
tunic.historicalsociety.frontdesk_ET_sum_next_,0.00043271712
tunic.historicalsociety.closet_dirty.gramps.helpclean_ET_mean_,0.00043152025
tunic.historicalsociety.frontdesk.block_magnify_ET_sum_,0.00043141696
word_you,0.0004311668
word_std_suffragist,0.000429599
tunic.historicalsociety.closet_dirty.gramps.helpclean_ET_mean_next_,0.00042917507
businesscards.card_0.next_fqid_counts,0.0004290627
word_sum_next_Ooh,0.00042883065
tunic.drycleaner.frontdesk.worker.done_ET_sum_next_,0.00042838565
tunic.capitol_0.hall_ET_q25_,0.00042835498
tunic.drycleaner_fqid_counts,0.0004281192
janitor_ET_std_,0.00042749508
word_q75_next_can,0.00042710407
tunic.historicalsociety.closet_dirty_ET_sum_,0.00042617015
map_click_close_ET_sum_next_,0.0004260298
reader.paper1.next_ET_q75_next_,0.00042591337
6_ET_std_next_,0.0004255887
word_sum_Theodora Youmans,0.00042557294
janitor_ET_median_,0.0004253701
word_std_next_Oh,0.00042522888
fqid_unique_,0.0004250517
word_q75_to,0.00042418073
map_click_undefined_ET_median_,0.00042329894
reader.paper2.prev_ET_median_next_,0.00042263154
tunic.historicalsociety.stacks_ET_std_next_,0.0004220922
logbook_bingo_duration,0.0004218617
block_ET_std_,0.00042163042
reader.paper2.prev_ET_std_next_,0.00042123228
tunic.library.frontdesk.worker.droppedbadge_text_fqid_counts,0.00042017127
month,0.0004198569
word_q75_next_it,0.00041858645
tunic.humanecology.frontdesk.businesscards.card_bingo.bingo_ET_q75_,0.00041809268
tunic.library.frontdesk.worker.wells_recap_ET_q75_next_,0.00041780813
reader.paper1.prev_ET_mean_,0.0004167979
tunic.humanecology.frontdesk.businesscards.card_bingo.bingo_ET_median_,0.0004153469
notebook_click_basic_ET_q75_next_,0.00041526396
photo_ET_q25_next_,0.00041370385
word_sum_you,0.00041357696
janitor_ET_q75_next_,0.00041200747
what_happened_ET_std_,0.00041179886
person_click_basic_ET_sum_,0.00041119405
janitor_ET_sum_next_,0.00040880317
tunic.capitol_0.hall_ET_q25_next_,0.00040847782
tunic.library.frontdesk_ET_median_,0.00040830724
door_block_clean_ET_q75_next_,0.0004080843
tunic.historicalsociety.closet_dirty.gramps.nothing_ET_mean_,0.00040805253
map_hover_basic_event_name_counts,0.00040623348
tunic.historicalsociety.closet_dirty.what_happened_ET_sum_next_,0.00040585993
word_mean_next_Ooh,0.00040578705
tunic.historicalsociety.basement.janitor_ET_median_,0.00040510058
person_click_basic_ET_sum_next_,0.00040500585
tunic.library_ET_sum_next_,0.00040468402
map_click_close_ET_median_next_,0.0004044179
tofrontdesk_ET_q25_,0.0004043741
tocloset_dirty_ET_median_,0.00040430276
tunic.humanecology.frontdesk.worker.badger_ET_q25_next_,0.00040329623
map_click_undefined_ET_q25_next_,0.00040226238
8_ET_median_,0.00040225792
block_magnify_ET_q25_,0.0004021215
tunic_ET_std_next_,0.00040062782
gramps_ET_q75_,0.000400394
word_median_next_Ooh,0.00040017473
word_q75_next_found,0.00039928418
block_0_ET_sum_,0.00039888293
tomicrofiche_ET_std_,0.0003973952
tunic.capitol_1.hall.boss.haveyougotit_ET_sum_next_,0.00039547935
map_click_close_ET_mean_next_,0.00039521253
tunic.humanecology.frontdesk.block_0_ET_std_,0.00039493982
tunic.capitol_0.hall.boss.talktogramps_ET_median_next_,0.00039462105
word_sum_next_Theodora Youmans,0.00039391228
door_block_clean_ET_sum_,0.00039347226
word_sum_next_find,0.00039312866
object_click_basic_ET_median_next_,0.00039237775
person_click_basic_ET_mean_,0.0003893932
screen_coor_x_q25_,0.00038893937
reader_ET_q75_,0.00038768837
tunic.historicalsociety.closet_dirty.what_happened_ET_q25_next_,0.00038676278
word_sum_next_need,0.00038666444
tunic.historicalsociety.collection_ET_q75_,0.00038638752
reader.paper1.prev_ET_q75_,0.00038504455
tunic.humanecology.frontdesk.block_0_ET_q25_,0.00038500453
tunic.humanecology.frontdesk.businesscards.card_bingo.bingo_ET_sum_,0.00038497307
reader.paper1.next_ET_q25_next_,0.0003846842
word_q75_next_Ooh,0.0003840386
tunic.historicalsociety.closet_dirty.photo_ET_sum_next_,0.00038349
9_ET_std_next_,0.0003832866
tunic.capitol_1.hall.boss.haveyougotit_ET_q75_next_,0.00038219301
word_sum_find,0.00038104536
word_sum_next_can,0.00038090604
notebook_click_prev_ET_median_next_,0.0003800318
word_sum_next_help,0.0003796396
notebook_click_basic_ET_q25_next_,0.00037931892
word_std_next_is,0.00037919846
tunic.historicalsociety_ET_mean_next_,0.00037800864
word_q75_next_Gramps,0.00037755742
archivist_ET_sum_next_,0.00037725214
object_click_basic_ET_q75_next_,0.000377229
tunic.historicalsociety.basement.janitor_ET_q25_next_,0.00037623468
reader.paper2.next_ET_sum_next_,0.00037544873
reader.paper1.next_ET_mean_next_,0.00037382462
word_std_next_that,0.00037379694
reader.paper0.prev_ET_median_,0.00037362732
tunic.library.frontdesk.worker.hello_short_text_fqid_counts,0.00037323817
tunic.library.frontdesk.worker.wells_ET_sum_next_,0.00037305203
word_std_cleaning,0.00037299478
reader.paper0.prev_ET_q25_next_,0.00037255796
word_sum_next_Gramps,0.00037165175
tunic.historicalsociety.frontdesk.archivist.hello_ET_sum_next_,0.0003709569
tunic.drycleaner_ET_q25_next_,0.00037089395
tunic.capitol_0.hall.boss.talktogramps_ET_mean_next_,0.00036838982
tunic.historicalsociety.closet_dirty.gramps.archivist_ET_mean_next_,0.00036758778
directory_ET_median_,0.00036598506
boss_ET_sum_next_,0.0003646165
journals_ET_q25_next_,0.0003636936
block_magnify_ET_sum_next_,0.00036310963
word_mean_next_cleaning,0.00036234924
tunic.capitol_0.hall.boss.talktogramps_ET_std_next_,0.00036087388
tunic.capitol_1.hall.boss.haveyougotit_ET_mean_next_,0.00035997236
tunic.historicalsociety.basement.janitor_ET_sum_next_,0.00035848873
directory_ET_q75_,0.00035633528
tunic.historicalsociety.basement_ET_q75_next_,0.00035439496
word_median_that,0.0003542659
tunic.humanecology_ET_median_next_,0.00035321503
word_sum_next_you,0.00035289334
tunic.humanecology_ET_mean_next_,0.00035184843
tunic.historicalsociety.frontdesk.block_magnify_ET_median_next_,0.00035021408
tunic.historicalsociety.frontdesk.archivist.have_glass_recap_text_fqid_counts,0.00034985898
reader.paper1.prev_ET_q75_next_,0.000349356
what_happened_ET_mean_,0.0003473065
tunic_ET_mean_,0.00034707258
word_std_next_Wells,0.00034574076
block_ET_sum_,0.00034493333
screen_coor_y_q25_,0.00034489814
tunic.historicalsociety.frontdesk.archivist.newspaper_ET_sum_next_,0.00034443173
reader.paper1.prev_ET_std_,0.000344296
tunic.hub.slip_ET_sum_next_,0.0003427464
tunic.historicalsociety.stacks.block_ET_median_,0.00034273506
tunic.capitol_1.hall_ET_mean_next_,0.00034260852
photo_ET_mean_next_,0.00034240537
map_click_close_ET_std_,0.00034170024
tunic.historicalsociety.frontdesk_ET_mean_,0.0003411682
block_magnify_ET_median_next_,0.00033994482
reader.paper0.prev_ET_mean_next_,0.00033955587
tunic.historicalsociety.collection_ET_std_next_,0.00033904813
block_magnify_ET_sum_,0.00033796282
tunic.historicalsociety.stacks.outtolunch_ET_mean_next_,0.00033732856
tunic.historicalsociety.closet_dirty.gramps.news_ET_median_next_,0.00033573125
journals.pic_2.next_fqid_counts,0.00033433628
tunic.library.frontdesk.worker.hello_ET_std_next_,0.00033368834
tunic.historicalsociety.frontdesk.archivist.need_glass_1_ET_std_next_,0.0003336776
5_ET_q25_next_,0.0003334224
tunic.historicalsociety.closet_dirty.photo_ET_q75_next_,0.0003329478
word_sum_next_to,0.00033149502
word_q25_next_help,0.0003314431
word_median_next_to,0.00033001893
tunic.humanecology.frontdesk.block_0_ET_median_,0.00032970458
navigate_click_undefined_ET_q25_next_,0.000328835
worker_ET_mean_,0.00032755022
word_q25_next_find,0.00032745535
block_ET_q75_next_,0.00032687106
tunic.drycleaner.frontdesk.worker.takealook_ET_mean_next_,0.00032623234
tunic.historicalsociety.frontdesk.archivist.have_glass_recap_ET_median_next_,0.00032468376
word_mean_next_help,0.00032464828
tunic.historicalsociety.frontdesk.archivist.have_glass_recap_ET_mean_next_,0.00032449796
tunic.humanecology.frontdesk.block_0_ET_sum_,0.0003243001
tomap_ET_q75_next_,0.00032312973
toentry_ET_std_next_,0.0003225842
observation_click_basic_ET_median_next_,0.00032081766
word_q75_next_cleaning,0.00031955855
tunic.historicalsociety.closet_dirty.gramps.archivist_ET_median_,0.00031890685
tohallway_ET_q25_next_,0.0003183939
word_sum_next_this,0.00031823185
tunic.library.frontdesk.block_badge_text_fqid_counts,0.00031822073
tunic.historicalsociety.closet_dirty.door_block_talk_ET_mean_next_,0.0003176753
tunic.kohlcenter.halloffame_ET_q75_,0.00031592537
tunic.capitol_1_ET_median_next_,0.0003152446
tunic.historicalsociety.frontdesk_ET_median_,0.00031504
door_block_clean_ET_q75_,0.00031470068
tunic.drycleaner_ET_median_next_,0.00031464364
block_0_ET_median_,0.00031427742
word_median_next_find,0.00031289112
tunic.historicalsociety.frontdesk.archivist.have_glass_ET_sum_next_,0.00031155528
tunic.historicalsociety.frontdesk.archivist.need_glass_1_ET_mean_next_,0.0003105688
journals.pic_0.next_fqid_counts,0.00031053356
tunic_ET_median_,0.0003104346
tunic.historicalsociety.frontdesk.archivist.newspaper_recap_ET_median_,0.0003097957
block_0_ET_std_,0.00030813602
tunic.historicalsociety.frontdesk.archivist.need_glass_1_ET_sum_,0.00030678746
object_click_close_event_name_counts,0.00030402286
reader.paper2.next_ET_q75_next_,0.00030190073
tunic.historicalsociety.closet_dirty_ET_mean_next_,0.0003011781
tunic.humanecology_ET_q25_next_,0.00030045866
word_Wells,0.0003002907
reader.paper0.prev_ET_median_next_,0.00030020403
trigger_coffee_ET_sum_next_,0.000297423
janitor_ET_median_next_,0.00029560816
notebook_click_prev_ET_q75_,0.0002953
janitor_ET_mean_next_,0.00029384778
tunic.historicalsociety.closet_dirty.gramps.archivist_ET_q75_next_,0.00029355366
tostacks_ET_std_next_,0.00029322135
door_block_talk_fqid_counts,0.0002929854
businesscards.card_bingo.bingo_fqid_counts,0.00029124398
tocloset_dirty_ET_median_next_,0.00029093339
word_mean_it,0.0002894552
5_ET_median_next_,0.00028827012
tunic.historicalsociety.frontdesk.block_magnify_ET_q75_,0.0002878491
tobasement_fqid_counts,0.0002862883
tunic_ET_sum_,0.00028501754
object_hover_undefined_ET_mean_next_,0.00028484693
tunic.historicalsociety.frontdesk_ET_median_next_,0.00028407451
tunic.historicalsociety.frontdesk.block_magnify_ET_q75_next_,0.00028405088
word_q25_next_Ooh,0.00028363528
tunic.historicalsociety.stacks.block_ET_median_next_,0.00028280003
tunic.historicalsociety.frontdesk.archivist.need_glass_1_ET_median_next_,0.0002819483
word_mean_next_it,0.00028150115
directory_ET_mean_,0.0002803539
tunic.library_fqid_counts,0.00027752467
tunic.drycleaner.frontdesk.worker.takealook_ET_mean_,0.00027515477
archivist_ET_mean_,0.00027477968
outtolunch_ET_q75_next_,0.00027473466
tunic.historicalsociety.frontdesk.archivist.newspaper_recap_ET_q75_,0.0002738992
tunic.historicalsociety.basement_ET_q25_next_,0.0002736719
block_magnify_ET_q25_next_,0.0002727671
tunic.historicalsociety.frontdesk.archivist.need_glass_1_ET_mean_,0.00027216578
word_mean_next_Gramps,0.00027185775
reader.paper1.prev_ET_median_,0.00027010005
tunic.drycleaner.frontdesk_ET_q75_,0.00026969047
tofrontdesk_ET_sum_next_,0.00026889707
notebook_click_open_event_name_counts,0.0002687177
tunic.historicalsociety.entry_ET_std_next_,0.00026771647
observation_click_basic_ET_mean_next_,0.00026431537
tunic.historicalsociety.stacks.block_ET_q25_next_,0.0002640701
word_need,0.00026392
word_median_next_Wells,0.00026285902
tunic_ET_median_next_,0.00026245517
door_block_clean_ET_std_,0.0002621795
tunic.historicalsociety.frontdesk.block_magnify_ET_q25_next_,0.00026217822
tomap_fqid_counts,0.00026104346
notebook_click_prev_ET_std_next_,0.0002603589
tunic.capitol_1.hall_ET_q25_next_,0.0002590235
tunic.capitol_1_fqid_counts,0.0002589697
tunic.historicalsociety.closet_dirty_ET_median_next_,0.0002582342
tunic.library.frontdesk.wellsbadge.hub_ET_sum_next_,0.00025620236
tunic.capitol_1.hall_room_fqid_counts,0.0002556867
word_it,0.00025551266
word_std_next_you,0.0002553251
reader.paper0.next_ET_q75_next_,0.0002540972
word_std_next_help,0.00025318982
tunic.drycleaner.frontdesk.worker.done_text_fqid_counts,0.00025273254
outtolunch_ET_median_,0.00025178134
reader.paper1.next_ET_median_next_,0.0002514447
person_click_basic_ET_std_next_,0.00025090674
tunic.historicalsociety.closet_dirty.gramps.nothing_ET_q75_,0.00025017586
word_median_need,0.0002499095
tunic_ET_sum_next_,0.000247911
tunic.historicalsociety.closet_dirty.gramps.archivist_ET_q25_next_,0.00024698526
word_q25_next_Oh,0.00024672438
tunic.historicalsociety.frontdesk.block_magnify_ET_mean_next_,0.00024656145
word_sum_next_and,0.00024606413
block_0_ET_mean_next_,0.00024574704
navigate_click_undefined_ET_std_next_,0.00024520306
object_hover_undefined_ET_q25_next_,0.00024396535
word_q75_Ooh,0.00024197395
tunic.kohlcenter.halloffame_ET_mean_,0.00024151996
tunic.hub.slip_ET_std_next_,0.00024149225
what_happened_ET_sum_next_,0.0002414489
page_q25_,0.0002406185
tunic.hub.slip_ET_mean_next_,0.00024054683
tunic.hub.slip_ET_sum_,0.00023830099
directory_ET_mean_next_,0.00023823873
notebook_click_prev_ET_q75_next_,0.00023761834
tunic.kohlcenter.halloffame_ET_sum_next_,0.00023696217
block_0_ET_q25_next_,0.00023521151
wellsbadge_fqid_counts,0.0002350302
tunic.historicalsociety.closet_dirty.photo_ET_q25_next_,0.00023493737
tunic.drycleaner.frontdesk.worker.takealook_ET_q25_,0.00023467482
tunic.historicalsociety.stacks.outtolunch_ET_q75_,0.00023461263
tunic.kohlcenter.halloffame_ET_median_,0.00023245458
tunic.kohlcenter.halloffame_ET_sum_,0.00023151636
object_click_close_ET_q25_next_,0.000231516
block_0_ET_median_next_,0.00023097929
tunic.drycleaner.frontdesk.worker.takealook_ET_sum_,0.00022919902
tunic.hub.slip_ET_q25_,0.00022896208
janitor_ET_q25_next_,0.00022622624
door_block_clean_ET_q25_,0.00022526641
word_Theodora Youmans,0.0002250544
tunic.historicalsociety.closet_dirty.photo_ET_mean_next_,0.0002236689
journals.pic_1.next_ET_q25_next_,0.00022342935
word_mean_is,0.00022302363
directory_ET_median_next_,0.00022290916
businesscards.card_1.next_ET_q75_next_,0.00022261115
worker_ET_sum_next_,0.00022260957
tunic.historicalsociety.frontdesk.archivist.need_glass_1_ET_sum_next_,0.00022235772
archivist_ET_median_next_,0.00022109003
block_0_ET_mean_,0.00021916887
6_ET_sum_next_,0.00021739701
reader.paper0.prev_fqid_counts,0.00021723068
6_ET_q25_,0.00021680046
reader.paper1.prev_ET_std_next_,0.0002166924
trigger_scarf_ET_sum_next_,0.00021647771
tunic.drycleaner.frontdesk.worker.takealook_ET_q75_,0.00021606563
tunic.historicalsociety.frontdesk.archivist.have_glass_recap_ET_q75_next_,0.0002151212
tunic.historicalsociety.basement.janitor_ET_mean_next_,0.00021455908
block_0_ET_q75_,0.00021398897
worker_ET_q25_next_,0.00021338683
word_std_next_and,0.00021284987
tunic.hub.slip_ET_median_next_,0.0002110128
tunic_ET_std_,0.00020980585
notification_click_basic_ET_sum_next_,0.00020707454
tunic.capitol_0.hall.boss.talktogramps_ET_q75_,0.00020676927
worker_ET_q75_,0.0002058634
tunic.historicalsociety.closet_dirty.gramps.nothing_ET_std_,0.00020415612
tunic.historicalsociety.basement.janitor_ET_sum_,0.00020406695
tunic.historicalsociety.stacks.block_ET_mean_next_,0.00020332563
trigger_coffee_ET_q25_next_,0.00020329813
tunic.historicalsociety.frontdesk.archivist.need_glass_1_ET_q75_,0.00020318368
word_median_next_Jo,0.00020303263
tunic.capitol_1_ET_q75_next_,0.00020266339
businesscards_ET_q75_next_,0.00020215691
tunic.capitol_1.hall_ET_q75_next_,0.0002008986
directory_ET_sum_next_,0.00019551688
word_q75_next_need,0.0001952815
tunic.drycleaner_ET_mean_next_,0.00019498225
door_block_clean_ET_median_next_,0.00019434266
word_mean_next_Jo,0.00019167375
tocollection_ET_std_next_,0.0001916306
tunic.library.frontdesk.wellsbadge.hub_ET_mean_next_,0.00019018388
word_std_found,0.00018960756
tunic.humanecology.frontdesk.block_0_ET_std_next_,0.00018930784
word_this,0.00018885847
tunic.drycleaner.frontdesk.worker.hub_ET_q75_next_,0.00018880717
tunic.historicalsociety.closet_dirty.gramps.archivist_ET_q25_,0.00018839195
tunic.capitol_1.hall.boss.haveyougotit_ET_median_next_,0.00018791451
tunic_ET_q25_,0.00018758922
object_click_basic_ET_q25_next_,0.00018599402
tunic.library.microfiche.reader.paper2.bingo_ET_sum_next_,0.00018586032
word_q75_next_this,0.0001814542
door_block_clean_ET_sum_next_,0.00018091212
tunic.kohlcenter.halloffame_ET_median_next_,0.00018087465
word_median_next_Oh,0.00018070762
word_q25_next_this,0.00018038836
tostacks_ET_mean_next_,0.00018007656
tunic.drycleaner.frontdesk.block_0_text_fqid_counts,0.00017908317
word_sum_next_1916,0.00017799441
tunic.historicalsociety.stacks.outtolunch_ET_sum_next_,0.00017720967
observation_click_basic_event_name_counts,0.00017620875
tunic.hub.slip_ET_q75_next_,0.00017619641
word_median_next_the,0.00017605166
object_hover_basic_event_name_counts,0.00017596527
block_ET_sum_next_,0.00017577484
tunic.historicalsociety.closet_dirty.gramps.nothing_ET_mean_next_,0.00017282403
word_mean_next_and,0.00017241178
word_mean_next_found,0.00017212561
tunic.historicalsociety.collection_room_fqid_counts,0.0001715748
tunic.hub.slip_ET_mean_,0.0001706701
word_found,0.00016989073
worker_ET_mean_next_,0.00016980922
logbook_ET_q75_next_,0.00016969384
block_ET_q75_,0.00016783876
word_mean_next_is,0.00016754353
toentry_ET_mean_next_,0.00016672189
tunic.library_ET_mean_next_,0.00016652377
tunic.kohlcenter.halloffame_ET_std_,0.00016635351
tunic.historicalsociety.basement.janitor_ET_q75_next_,0.00016583354
tunic.capitol_0.hall.boss.talktogramps_ET_q25_next_,0.00016531636
tunic.historicalsociety.frontdesk.block_magnify_ET_q25_,0.00016447641
notification_click_basic_event_name_counts,0.000164439
door_block_clean_ET_q25_next_,0.0001644032
word_q25_next_need,0.00016278308
word_median_next_Theodora Youmans,0.00015988105
tunic.historicalsociety.stacks.block_ET_std_next_,0.00015939036
tunic.historicalsociety.frontdesk.block_magnify_ET_median_,0.00015831384
tunic.humanecology.frontdesk.businesscards.card_bingo.bingo_ET_sum_next_,0.00015815019
tunic.historicalsociety.stacks_ET_q25_next_,0.00015802725
map_click_undefined_ET_std_next_,0.00015786404
tunic.historicalsociety.frontdesk.archivist.newspaper_text_fqid_counts,0.00015735914
journals_ET_mean_next_,0.00015715299
notebook_click_prev_ET_mean_next_,0.0001560937
tunic_ET_q25_next_,0.00015581255
word_q25_next_cleaning,0.0001557392
tunic.kohlcenter.halloffame_ET_mean_next_,0.00015524271
word_median_next_and,0.00015455474
map_click_close_ET_std_next_,0.0001539564
word_q75_next_that,0.00015309767
tunic.library.frontdesk.worker.wells_recap_ET_sum_next_,0.00015290554
worker_ET_q75_next_,0.00015282801
tunic.historicalsociety.frontdesk.archivist.newspaper_recap_ET_sum_,0.00015269473
notebook_click_prev_ET_q25_next_,0.00015168643
word_median_next_help,0.0001516655
trigger_scarf_ET_median_next_,0.00015130415
tunic.kohlcenter.halloffame_room_fqid_counts,0.00015091995
tunic.kohlcenter.halloffame_ET_q25_next_,0.00015053377
tunic.historicalsociety.stacks.outtolunch_ET_sum_,0.0001499489
tunic.historicalsociety.frontdesk.archivist.need_glass_1_ET_median_,0.00014993911
reader_ET_q75_next_,0.00014972153
reader.paper0.next_ET_mean_next_,0.00014742742
word_median_next_cleaning,0.00014703951
block_magnify_ET_mean_next_,0.00014468902
tunic.hub.slip_ET_q25_next_,0.00013984171
cutscene_click_basic_ET_mean_next_,0.0001394459
reader.paper2.prev_fqid_counts,0.00013863682
map_click_undefined_ET_mean_next_,0.0001385576
person_click_basic_ET_median_next_,0.00013806492
tunic.historicalsociety.stacks.block_ET_sum_next_,0.0001379274
tunic.historicalsociety.closet_dirty.gramps.nothing_ET_std_next_,0.0001376874
tunic.historicalsociety.stacks.outtolunch_ET_median_,0.00013721066
tunic.library.frontdesk.worker.wells_ET_mean_next_,0.0001369455
tunic.historicalsociety.closet_dirty.what_happened_ET_q75_next_,0.00013615612
tunic.historicalsociety.basement.janitor_ET_std_,0.00013589948
tunic.historicalsociety.frontdesk.archivist.need_glass_1_ET_q25_next_,0.00013571835
object_click_close_ET_sum_next_,0.00013546637
tomicrofiche_fqid_counts,0.00013538117
archivist_ET_mean_next_,0.00013452828
toentry_ET_q75_next_,0.00013446927
tunic.library_ET_median_next_,0.00013305039
tunic.capitol_0.hall_ET_q75_next_,0.00013296725
tunic.historicalsociety.closet_dirty.gramps.nothing_ET_median_next_,0.00013294132
journals.pic_0.next_ET_mean_next_,0.00013264755
outtolunch_ET_std_next_,0.00013212913
6_ET_mean_,0.00013069835
word_q25_next_and,0.00013006582
outtolunch_ET_median_next_,0.0001300649
block_ET_median_next_,0.00012984939
tunic.historicalsociety.closet_dirty.gramps.nothing_ET_sum_next_,0.00012905388
gramps_ET_q75_next_,0.0001283639
word_median_next_Gramps,0.00012749186
tunic.drycleaner.frontdesk.logbook.page.bingo_ET_q25_next_,0.00012741501
outtolunch_ET_mean_next_,0.00012719355
tunic.capitol_1.hall_ET_median_next_,0.00012607052
tunic.drycleaner.frontdesk.worker.hub_ET_median_next_,0.0001251844
block_ET_mean_next_,0.00012485284
directory_ET_q25_next_,0.0001234548
tunic.humanecology.frontdesk.block_0_ET_median_next_,0.00012319011
tunic.humanecology.frontdesk.businesscards.card_bingo.bingo_ET_q75_next_,0.00012297726
tunic.historicalsociety.closet_dirty.gramps.nothing_ET_median_,0.00012247788
word_mean_next_that,0.00012237087
directory_ET_std_,0.00012215023
tunic.humanecology.frontdesk.block_0_ET_q25_next_,0.00012185147
tunic.historicalsociety.closet_dirty.gramps.nothing_ET_sum_,0.000121611345
word_std_next_need,0.00012011486
tunic.historicalsociety.frontdesk.archivist.hello_ET_q25_next_,0.00011958701
word_mean_next_this,0.00011918143
tunic.historicalsociety.frontdesk.archivist.newspaper_recap_ET_std_,0.00011715541
tocloset_dirty_fqid_counts,0.000116810515
tostacks_ET_q75_next_,0.000116591145
tunic.drycleaner.frontdesk.worker.takealook_ET_median_,0.00011482857
tunic.historicalsociety.stacks.outtolunch_ET_q25_next_,0.000114001086
tomicrofiche_ET_q75_next_,0.00011297304
archivist_ET_std_next_,0.00011131002
journals_ET_q75_next_,0.00011001351
cutscene_click_basic_ET_median_next_,0.00010959676
outtolunch_ET_mean_,0.0001089176
tunic.historicalsociety.closet_dirty_ET_q75_next_,0.0001089172
tohallway_ET_mean_next_,0.00010891618
tunic.humanecology.frontdesk.worker.badger_text_fqid_counts,0.000108767395
tunic.historicalsociety.stacks.outtolunch_ET_q25_,0.00010850488
tunic.library.frontdesk.worker.wells_recap_ET_q25_next_,0.00010815213
outtolunch_ET_q25_next_,0.000108074906
word_median_next_it,0.000108014036
5_ET_q75_next_,0.00010794118
businesscards.card_bingo.bingo_ET_median_next_,0.00010661117
tunic.humanecology.frontdesk.block_0_ET_q75_next_,0.00010628135
tunic.historicalsociety.frontdesk.archivist.have_glass_ET_q75_next_,0.000106053485
directory_ET_sum_,0.000105940366
tunic.historicalsociety.closet_dirty.what_happened_text_fqid_counts,0.000105716965
tunic.historicalsociety.stacks.outtolunch_ET_mean_,0.0001042967
tunic.historicalsociety.frontdesk.archivist.need_glass_1_ET_q75_next_,0.00010425543
word_std_next_to,0.000104130944
word_q25_next_found,0.000103227445
tunic.historicalsociety.closet_dirty.gramps.archivist_text_fqid_counts,0.00010248097
tunic.historicalsociety_ET_q75_next_,0.000101093145
word_median_next_slip,0.000100059944
notification_click_basic_ET_mean_next_,9.8034834e-05
tunic.drycleaner.frontdesk.worker.takealook_ET_sum_next_,9.780731e-05
word_sum_next_the,9.596957e-05
tunic.historicalsociety.stacks_ET_mean_next_,9.5278054e-05
tunic.historicalsociety.frontdesk.archivist.need_glass_1_ET_std_,9.517787e-05
tunic.historicalsociety.frontdesk.archivist.have_glass_ET_median_next_,9.424748e-05
journals.pic_0.next_ET_q25_next_,9.2940856e-05
tomap_ET_q25_next_,9.292828e-05
word_q75_next_you,9.260785e-05
directory_ET_q75_next_,9.1974514e-05
directory_ET_q25_,8.9836794e-05
word_q25_next_is,8.9425885e-05
tunic.drycleaner.frontdesk.worker.takealook_ET_q75_next_,8.847964e-05
boss_fqid_counts,8.846858e-05
tunic.historicalsociety.stacks.block_ET_q75_next_,8.832926e-05
word_q75_you,8.770003e-05
tunic.humanecology.frontdesk.worker.intro_text_fqid_counts,8.6621534e-05
person_click_basic_ET_q75_next_,8.540924e-05
reader.paper0.next_ET_q25_next_,8.435744e-05
tunic.library.frontdesk.wellsbadge.hub_ET_median_next_,8.26815e-05
tunic_fqid_counts,8.203557e-05
word_q25_next_can,8.1025486e-05
tunic.capitol_1.hall.boss.haveyougotit_ET_mean_,8.093774e-05
tunic.historicalsociety.closet_dirty.gramps.nothing_ET_q75_next_,7.9264275e-05
tunic.library.frontdesk.worker.wells_recap_ET_median_next_,7.829771e-05
7_ET_mean_next_,7.740979e-05
tunic.historicalsociety.frontdesk.archivist.need_glass_1_ET_q25_,7.7340694e-05
door_block_clean_ET_mean_next_,7.677339e-05
logbook_ET_q25_next_,7.629434e-05
word_q75_next_help,7.612635e-05
word_mean_next_can,7.530826e-05
tunic.historicalsociety.frontdesk.archivist.have_glass_text_fqid_counts,7.527346e-05
tunic.historicalsociety.closet_dirty.photo_ET_std_next_,7.3943644e-05
tunic.historicalsociety.basement.janitor_ET_std_next_,7.3546005e-05
tunic.historicalsociety.stacks.outtolunch_ET_median_next_,7.279714e-05
map_click_basic_event_name_counts,6.9621135e-05
notebook_click_prev_ET_sum_next_,6.901379e-05
businesscards.card_bingo.next_fqid_counts,6.728915e-05
8_ET_q25_next_,6.651179e-05
6_ET_q25_next_,6.592134e-05
tunic.library.frontdesk.worker.wells_ET_q25_next_,6.461107e-05
magnify_ET_sum_next_,6.277223e-05
tocloset_dirty_ET_q25_next_,6.2069455e-05
word_median_next_can,5.873531e-05
tunic.library.microfiche.reader.paper2.bingo_ET_q25_next_,5.8178033e-05
tunic.hub.slip_ET_std_,5.665373e-05
11_ET_median_next_,5.6479505e-05
tunic.historicalsociety.closet_dirty.photo_ET_std_,5.326107e-05
word_q75_next_Wells,5.2820084e-05
6_ET_median_next_,4.883192e-05
tunic.library.frontdesk.worker.wells_recap_ET_mean_next_,4.7538382e-05
tunic.historicalsociety.basement.janitor_text_fqid_counts,4.6731533e-05
tunic.drycleaner.frontdesk_ET_q75_next_,4.6471738e-05
person_click_basic_ET_mean_next_,4.000441e-05
tunic.historicalsociety.closet_dirty.trigger_scarf_ET_median_next_,3.9475108e-05
tofrontdesk_ET_median_next_,3.8431743e-05
word_median_next_need,3.55864e-05
businesscards.card_0.next_ET_q75_next_,3.286302e-05
7_ET_median_next_,3.0554984e-05
word_q25_next_to,3.0285864e-05
9_ET_q25_next_,2.3354542e-05
tunic.historicalsociety.stacks.journals.pic_2.bingo_text_fqid_counts,2.3014318e-05
tunic.historicalsociety.closet_dirty.gramps.helpclean_text_fqid_counts,2.0751506e-05
tunic.historicalsociety.frontdesk.archivist.newspaper_ET_q25_next_,1.8686322e-05
word_mean_next_you,1.6315997e-05
year,1.6070897e-05
tunic.kohlcenter.halloffame_ET_q75_next_,1.5281383e-05
chap2_finale_c_ET_mean_next_,1.382804e-05
archivist_ET_q25_next_,1.3008382e-05
tunic.historicalsociety.closet_dirty.what_happened_ET_mean_next_,9.848574e-06
tunic.humanecology.frontdesk.worker.intro_ET_sum_next_,7.726856e-06
notebook_click_prev_ET_std_,6.5330737e-06
word_sum_next_is,4.0469176e-06
chap2_finale_c_ET_q75_next_,3.9381966e-06
tunic.historicalsociety.closet_dirty.trigger_scarf_ET_q25_next_,3.873343e-06
word_sum_next_suffragist,2.2420688e-06
businesscards_ET_mean_next_,3.4276578e-08
9_ET_q75_next_,1.5610507e-08
word_q25_next_that,0.0
word_q25_next_the,0.0
word_q25_next_cleaner,0.0
word_q75_next_slip,0.0
word_q75_next_suffragist,0.0
tunic.drycleaner.frontdesk_ET_q25_next_,0.0
word_q75_next_is,0.0
tunic.historicalsociety.frontdesk.archivist.newspaper_recap_text_fqid_counts,0.0
tunic.drycleaner.frontdesk_ET_median_next_,0.0
logbook_ET_mean_next_,0.0
word_q75_next_the,0.0
word_q25_next_suffragist,0.0
tunic.historicalsociety.frontdesk.archivist.hello_text_fqid_counts,0.0
word_q25_next_you,0.0
word_q75_next_to,0.0
word_q25_next_slip,0.0
tunic.historicalsociety.frontdesk.block_magnify_ET_std_,0.0
word_q25_next_it,0.0
tunic.historicalsociety.frontdesk.block_magnify_ET_std_next_,0.0
reader.paper2.bingo_ET_mean_next_,0.0
tunic.historicalsociety.frontdesk.block_magnify_text_fqid_counts,0.0
tunic.drycleaner.frontdesk.worker.takealook_ET_median_next_,0.0
9_ET_median_next_,0.0
logbook_ET_median_next_,0.0
tunic.drycleaner.frontdesk.worker.takealook_ET_q25_next_,0.0
word_q75_next_find,0.0
block_0_fqid_counts,0.0
archivist_ET_q75_next_,0.0
logbook.page.bingo_ET_median_next_,0.0
reader.paper1.prev_fqid_counts,0.0
tohallway_ET_median_next_,0.0
word_q75_next_1916,0.0
tunic.historicalsociety.frontdesk.archivist.need_glass_1_text_fqid_counts,0.0
tunic.drycleaner.frontdesk_ET_mean_next_,0.0
logbook.page.bingo_ET_mean_next_,0.0
tunic.historicalsociety.frontdesk.archivist.newspaper_ET_mean_next_,0.0
tunic.drycleaner.frontdesk.worker.takealook_text_fqid_counts,0.0
tunic.historicalsociety.frontdesk.archivist.need_glass_0_ET_std_next_,0.0
tunic.historicalsociety.frontdesk.archivist.newspaper_ET_median_next_,0.0
word_q75_next_Oh,0.0
tunic.historicalsociety.frontdesk.archivist.need_glass_0_ET_std_,0.0
word_q75_next_Theodora Youmans,0.0
tunic.historicalsociety.frontdesk.archivist.newspaper_ET_q75_next_,0.0
journals_ET_median_next_,0.0
word_q75_next_and,0.0
tunic.drycleaner.frontdesk.worker.takealook_ET_std_next_,0.0
tunic.drycleaner.frontdesk.worker.takealook_ET_std_,0.0
tunic.historicalsociety.frontdesk.archivist.newspaper_recap_ET_std_next_,0.0
logbook.page.bingo_ET_q25_next_,0.0
word_q75_next_cleaner,0.0
logbook.page.bingo_ET_q75_next_,0.0
tunic.historicalsociety.frontdesk.archivist.need_glass_0_text_fqid_counts,0.0
tunic.historicalsociety.frontdesk.archivist.hello_ET_q75_next_,0.0
magnify_ET_q25_next_,0.0
word_slip,0.0
12_ET_q25_next_,0.0
notebook_click_basic_event_name_counts,0.0
tunic.historicalsociety.closet_dirty.trigger_coffee_ET_mean_next_,0.0
tunic.historicalsociety.closet_dirty.trigger_coffee_ET_median_next_,0.0
tunic.historicalsociety.closet_dirty.trigger_coffee_ET_q25_next_,0.0
tunic.historicalsociety.closet_dirty.trigger_coffee_ET_q75_next_,0.0
word_sum_next_cleaner,0.0
tunic.historicalsociety.closet_dirty.door_block_talk_text_fqid_counts,0.0
tunic.historicalsociety.closet_dirty.trigger_coffee_ET_sum_next_,0.0
tunic.historicalsociety.closet_dirty.trigger_coffee_text_fqid_counts,0.0
12_ET_median_next_,0.0
tunic.historicalsociety.closet_dirty.trigger_scarf_ET_mean_next_,0.0
reader_ET_q25_next_,0.0
reader_ET_median_next_,0.0
12_ET_q75_next_,0.0
navigate_click_undefined_ET_mean_next_,0.0
5_ET_mean_next_,0.0
tunic.historicalsociety.closet_dirty.trigger_scarf_ET_q75_next_,0.0
name_unique_,0.0
word_sum_next_slip,0.0
tunic.historicalsociety.closet_dirty.photo_text_fqid_counts,0.0
9_ET_mean_next_,0.0
11_ET_mean_next_,0.0
10_ET_median_next_,0.0
10_ET_q25_next_,0.0
tunic.historicalsociety.closet_dirty.gramps.news_ET_mean_next_,0.0
10_ET_q75_next_,0.0
tunic.historicalsociety.closet_dirty.gramps.news_ET_q25_next_,0.0
tunic.historicalsociety.closet_dirty.gramps.news_ET_q75_next_,0.0
room_fqid_unique_,0.0
worker_ET_median_next_,0.0
tunic.historicalsociety.closet_dirty.gramps.news_ET_sum_next_,0.0
notebook_click_prev_event_name_counts,0.0
tunic.historicalsociety.closet_dirty.gramps.news_text_fqid_counts,0.0
tunic.historicalsociety.closet_dirty.gramps.nothing_ET_q25_next_,0.0
11_ET_q25_next_,0.0
word_that,0.0
11_ET_q75_next_,0.0
12_ET_mean_next_,0.0
tunic.historicalsociety.closet_dirty.gramps.nothing_text_fqid_counts,0.0
notebook_click_next_event_name_counts,0.0
tunic.historicalsociety.closet_dirty.trigger_scarf_ET_sum_next_,0.0
tunic.historicalsociety.closet_dirty.trigger_scarf_text_fqid_counts,0.0
reader_ET_mean_next_,0.0
8_ET_mean_next_,0.0
magnify_ET_median_next_,0.0
word_std_next_Ooh,0.0
object_click_close_ET_mean_next_,0.0
7_ET_q75_next_,0.0
object_click_close_ET_median_next_,0.0
tofrontdesk_ET_mean_next_,0.0
reader.paper2.bingo_ET_q75_next_,0.0
object_click_close_ET_q75_next_,0.0
magnify_ET_mean_next_,0.0
notification_click_basic_ET_median_next_,0.0
tunic.historicalsociety.frontdesk.archivist.hello_ET_mean_next_,0.0
tunic.historicalsociety.frontdesk.archivist.hello_ET_median_next_,0.0
tofrontdesk_ET_q75_next_,0.0
8_ET_median_next_,0.0
reader.paper2.bingo_ET_q25_next_,0.0
word_std_Ooh,0.0
8_ET_q75_next_,0.0
reader.paper2.bingo_ET_median_next_,0.0
word_q25_next_Wells,0.0
magnify_ET_q75_next_,0.0
tunic.historicalsociety.frontdesk.archivist.have_glass_ET_q25_next_,0.0
word_std_next_cleaning,0.0
notification_click_basic_ET_q25_next_,0.0
tunic.historicalsociety.closet_dirty.what_happened_ET_median_next_,0.0
notification_click_basic_ET_q75_next_,0.0
object_click_basic_ET_mean_next_,0.0
6_ET_mean_next_,0.0
word_suffragist,0.0
6_ET_q75_next_,0.0
map_click_undefined_ET_q75_next_,0.0
tunic.historicalsociety.closet_dirty.door_block_clean_text_fqid_counts,0.0
tunic.historicalsociety.closet_dirty_ET_q25_next_,0.0
reader.paper2.next_fqid_counts,0.0
map_click_undefined_ET_median_next_,0.0
tocollection_fqid_counts,0.0
map_click_close_event_name_counts,0.0
tunic.historicalsociety.frontdesk.archivist.have_glass_ET_mean_next_,0.0
magnify_fqid_counts,0.0
7_ET_q25_next_,0.0
tunic.historicalsociety.frontdesk.magnify_ET_mean_next_,0.0
tunic.library.frontdesk_ET_mean_next_,0.0
word_q25_next_Theodora Youmans,0.0
outtolunch_ET_std_,0.0
gramps_ET_median_next_,0.0
what_happened_ET_q75_next_,0.0
gramps_ET_mean_next_,0.0
what_happened_ET_q25_next_,0.0
trigger_scarf_ET_q75_next_,0.0
what_happened_ET_median_next_,0.0
outtolunch_ET_q75_,0.0
what_happened_ET_mean_next_,0.0
event_name_unique_,0.0
trigger_scarf_fqid_counts,0.0
gramps_ET_q25_next_,0.0
reader.paper0.next_ET_median_next_,0.0
outtolunch_ET_sum_,0.0
tunic.kohlcenter.halloffame_ET_q25_,0.0
wellsbadge_ET_q75_next_,0.0
wellsbadge_ET_q25_next_,0.0
plaque_fqid_counts,0.0
wellsbadge_ET_median_next_,0.0
door_block_clean_fqid_counts,0.0
wellsbadge_ET_mean_next_,0.0
businesscards.card_bingo.bingo_ET_q75_next_,0.0
what_happened_fqid_counts,0.0
tunic.library.frontdesk.block_badge_2_text_fqid_counts,0.0
trigger_scarf_ET_mean_next_,0.0
tunic.humanecology.frontdesk.worker.intro_ET_median_next_,0.0
businesscards.card_bingo.bingo_ET_mean_next_,0.0
trigger_coffee_ET_q75_next_,0.0
tunic.humanecology.frontdesk.worker.intro_ET_q25_next_,0.0
tunic.humanecology.frontdesk.worker.intro_ET_q75_next_,0.0
outtolunch_ET_q25_,0.0
trigger_coffee_fqid_counts,0.0
businesscards.card_bingo.bingo_ET_q25_next_,0.0
tunic.humanecology.frontdesk_ET_mean_next_,0.0
word_cleaning,0.0
word_1916,0.0
word_cleaner,0.0
tunic.humanecology.frontdesk_ET_median_next_,0.0
10_ET_mean_next_,0.0
tunic.humanecology.frontdesk_ET_q25_next_,0.0
tunic.humanecology.frontdesk_ET_q75_next_,0.0
word_Ooh,0.0
word_Oh,0.0
word_Jo,0.0
trigger_scarf_ET_q25_next_,0.0
outtolunch_ET_sum_next_,0.0
outtolunch_fqid_counts,0.0
tunic.historicalsociety.frontdesk.magnify_ET_median_next_,0.0
tunic.library.microfiche.reader.paper2.bingo_ET_mean_next_,0.0
tunic.library.frontdesk.worker.wells_ET_median_next_,0.0
tunic.library.microfiche_ET_median_next_,0.0
chap2_finale_c_ET_median_next_,0.0
tunic.library.microfiche_ET_mean_next_,0.0
chap2_finale_c_ET_q25_next_,0.0
tunic.library.microfiche.reader.paper2.bingo_text_fqid_counts,0.0
tunic.library.frontdesk.worker.wells_ET_q75_next_,0.0
tunic.library.microfiche.reader.paper2.bingo_ET_q75_next_,0.0
tunic.library.microfiche.reader.paper2.bingo_ET_median_next_,0.0
person_click_basic_ET_q25_next_,0.0
tunic.library.microfiche_ET_q75_next_,0.0
tunic.library.microfiche.block_0_text_fqid_counts,0.0
checkpoint_basic_ET_std_,0.0
checkpoint_basic_ET_std_next_,0.0
checkpoint_basic_event_name_counts,0.0
cutscene_click_basic_ET_q25_next_,0.0
tunic.library.frontdesk_ET_q75_next_,0.0
tunic.library.frontdesk.worker.wells_recap_text_fqid_counts,0.0
tunic.library.frontdesk_ET_q25_next_,0.0
tunic.library.frontdesk_ET_median_next_,0.0
tunic.library.microfiche_ET_q25_next_,0.0
tunic.library.frontdesk.worker.preflag_text_fqid_counts,0.0
tunic_ET_q75_next_,0.0
directory_fqid_counts,0.0
photo_fqid_counts,0.0
tunic.capitol_1.hall.chap2_finale_c_text_fqid_counts,0.0
tunic.library.frontdesk.wellsbadge.hub_ET_q25_next_,0.0
tunic.capitol_1.hall.boss.haveyougotit_text_fqid_counts,0.0
tunic.library.frontdesk.wellsbadge.hub_ET_q75_next_,0.0
tunic_ET_mean_next_,0.0
tunic.library.frontdesk.wellsbadge.hub_ET_std_,0.0
tunic.library.frontdesk.wellsbadge.hub_ET_std_next_,0.0
tunic.library.frontdesk.wellsbadge.hub_text_fqid_counts,0.0
tunic.capitol_0.hall.boss.talktogramps_text_fqid_counts,0.0
tunic.library.frontdesk.worker.hello_text_fqid_counts,0.0
tunic.library.frontdesk.worker.hello_ET_mean_next_,0.0
tunic.library_ET_q25_next_,0.0
businesscards_ET_median_next_,0.0
tunic.library.frontdesk.worker.hello_ET_median_next_,0.0
tunic.library.frontdesk.worker.hello_ET_q25_next_,0.0
directory_ET_std_next_,0.0
tunic.capitol_0.hall_ET_mean_next_,0.0
businesscards_ET_q25_next_,0.0
tunic.library.frontdesk.worker.hello_ET_q75_next_,0.0
tunic.humanecology.frontdesk.worker.intro_ET_mean_next_,0.0
tunic.drycleaner.frontdesk.block_1_text_fqid_counts,0.0
tunic.drycleaner.frontdesk.logbook.page.bingo_ET_mean_next_,0.0
journals.pic_1.next_ET_mean_next_,0.0
tunic.historicalsociety.stacks.block_text_fqid_counts,0.0
tunic.historicalsociety.stacks.journals.pic_2.bingo_ET_mean_next_,0.0
journals.pic_1.next_ET_median_next_,0.0
word_median_next_you,0.0
tunic.historicalsociety.stacks.journals.pic_2.bingo_ET_median_next_,0.0
word_median_next_this,0.0
tunic.historicalsociety.stacks.journals.pic_2.bingo_ET_q25_next_,0.0
tomicrofiche_ET_mean_next_,0.0
word_median_next_suffragist,0.0
word_median_next_is,0.0
tunic.historicalsociety.stacks.block_ET_std_,0.0
tunic.historicalsociety.stacks.journals.pic_2.bingo_ET_q75_next_,0.0
tomicrofiche_ET_median_next_,0.0
tunic.drycleaner.frontdesk.worker.hub_ET_mean_next_,0.0
word_median_next_cleaner,0.0
tunic.historicalsociety.stacks.outtolunch_ET_q75_next_,0.0
tunic.historicalsociety.stacks.outtolunch_ET_std_,0.0
tunic.historicalsociety.stacks.outtolunch_ET_std_next_,0.0
tunic.historicalsociety.stacks.outtolunch_text_fqid_counts,0.0
word_median_next_1916,0.0
journals.pic_1.next_ET_q75_next_,0.0
tunic.drycleaner.frontdesk.worker.hub_ET_q25_next_,0.0
businesscards.card_1.next_ET_q25_next_,0.0
tunic.historicalsociety.frontdesk.magnify_ET_sum_next_,0.0
tunic.historicalsociety.frontdesk.magnify_ET_q25_next_,0.0
block_1_fqid_counts,0.0
word_q25_next_Gramps,0.0
word_q25_next_1916,0.0
tunic.historicalsociety.frontdesk.magnify_ET_q75_next_,0.0
tunic.historicalsociety.frontdesk.magnify_ET_std_,0.0
tunic.historicalsociety.frontdesk.magnify_ET_std_next_,0.0
block_ET_q25_next_,0.0
tunic.drycleaner.frontdesk.worker.hub_text_fqid_counts,0.0
tunic.historicalsociety.frontdesk.magnify_text_fqid_counts,0.0
journals.pic_2.bingo_ET_mean_next_,0.0
tunic.historicalsociety.frontdesk_ET_mean_next_,0.0
tunic.historicalsociety.frontdesk_ET_q25_next_,0.0
tunic.historicalsociety.frontdesk_ET_q75_next_,0.0
block_badge_2_fqid_counts,0.0
tunic.library.frontdesk.worker.wells_text_fqid_counts,0.0
journals.pic_2.bingo_ET_q75_next_,0.0
block_fqid_counts,0.0
journals.pic_2.bingo_ET_q25_next_,0.0
journals.pic_2.bingo_ET_median_next_,0.0
journals.pic_0.next_ET_q75_next_,0.0
tunic.historicalsociety.stacks_ET_median_next_,0.0
block_magnify_fqid_counts,0.0
tunic.humanecology.frontdesk.businesscards.card_bingo.bingo_ET_q25_next_,0.0
tunic.humanecology.frontdesk.block_0_text_fqid_counts,0.0
tunic.humanecology.frontdesk.block_1_text_fqid_counts,0.0
tunic.drycleaner.frontdesk.logbook.page.bingo_ET_sum_next_,0.0
word_mean_next_find,0.0
tunic.humanecology.frontdesk.businesscards.card_bingo.bingo_ET_mean_next_,0.0
word_mean_next_cleaner,0.0
tunic.humanecology.frontdesk.businesscards.card_bingo.bingo_ET_median_next_,0.0
word_mean_next_Wells,0.0
word_mean_next_Theodora Youmans,0.0
word_mean_next_Oh,0.0
tomicrofiche_ET_q25_next_,0.0
tunic.humanecology.frontdesk.businesscards.card_bingo.bingo_ET_std_,0.0
tunic.humanecology.frontdesk.businesscards.card_bingo.bingo_ET_std_next_,0.0
word_mean_next_1916,0.0
businesscards.card_1.next_ET_mean_next_,0.0
tunic.humanecology.frontdesk.businesscards.card_bingo.bingo_text_fqid_counts,0.0
tunic.drycleaner.frontdesk.logbook.page.bingo_ET_q75_next_,0.0
trigger_coffee_ET_median_next_,0.0
businesscards.card_1.next_ET_median_next_,0.0
tunic.drycleaner.frontdesk.logbook.page.bingo_ET_median_next_,0.0
tunic.hub.slip_fqid_counts,0.0
word_mean_next_need,0.0
word_mean_next_slip,0.0
word_mean_next_suffragist,0.0
tunic.historicalsociety.stacks_ET_q75_next_,0.0
journals.pic_0.next_ET_median_next_,0.0
journals.hub.topics_ET_q75_next_,0.0
journals.hub.topics_ET_q25_next_,0.0
businesscards.card_0.next_ET_mean_next_,0.0
businesscards.card_0.next_ET_median_next_,0.0
journals.hub.topics_ET_median_next_,0.0
tunic.drycleaner.frontdesk.worker.done_ET_q75_next_,0.0
journals.hub.topics_ET_mean_next_,0.0
businesscards.card_0.next_ET_q25_next_,0.0
tunic.drycleaner.frontdesk.worker.done_ET_q25_next_,0.0
janitor_fqid_counts,0.0
tunic.drycleaner.frontdesk.worker.done_ET_median_next_,0.0
tunic.drycleaner.frontdesk.worker.done_ET_mean_next_,0.0
tunic.drycleaner.frontdesk.worker.done2_text_fqid_counts,0.0
trigger_coffee_ET_mean_next_,0.0
word_mean_next_to,0.0
tunic.drycleaner.frontdesk.logbook.page.bingo_text_fqid_counts,0.0
word_mean_next_the,0.0
block_badge_fqid_counts,0.0
